"Area","Scope","Concept ID","Topic","Questions to add","Minimum package size","Modes unlocked by this package","Number of modes unlocked","Integration-only topic"
"macro","concept","indexing-and-real-values","Indexing and Real Values","1 hard","1","Standard Campaign; Timed Trial; Exam Drill; Unlimited Practice; Score Attack","5","false"
"macro","concept","limits-of-gdp","Limits of GDP","1 hard","1","Standard Campaign; Timed Trial; Exam Drill; Unlimited Practice; Score Attack","5","false"
"macro","concept","living-standards-and-growth","Living Standards and Growth","1 hard","1","Standard Campaign; Timed Trial; Exam Drill; Unlimited Practice; Score Attack","5","false"
"macro","concept","money-functions-and-measures","Money Functions and Measures","1 hard","1","Standard Campaign; Timed Trial; Exam Drill; Unlimited Practice; Score Attack","5","false"
"micro","concept","integrated-economic-analysis","Integrated Economic Analysis","1 legendary","1","Legendary Mode; Fading Fortune; Risk & Reward","3","true"
"micro","concept","short-run-cost-curves","Short-Run Cost Curves: Relationships & Shifts","1 easyBoss","1","Standard Campaign; Exam Drill; Score Attack","3","false"
"micro","concept","total-surplus-gains-from-exchange","Total Surplus & Gains from Exchange","1 easyBoss","1","Standard Campaign; Exam Drill; Score Attack","3","false"
"macro","concept","cpi-versus-gdp-deflator","CPI versus GDP Deflator","2 hard","2","Standard Campaign; Timed Trial; Exam Drill; Quiz; Unlimited Practice; Score Attack","6","false"
"macro","concept","foreign-exchange-market","Foreign-Exchange Market Equilibrium","2 hard","2","Standard Campaign; Timed Trial; Exam Drill; Quiz; Unlimited Practice; Score Attack","6","false"
"macro","concept","real-exchange-rates-and-purchasing-power","Real Exchange Rates and Purchasing Power","2 hard","2","Standard Campaign; Timed Trial; Exam Drill; Quiz; Unlimited Practice; Score Attack","6","false"
"macro","concept","saving-and-investment-identities","Saving, Investment, and National-Saving Identities","1 easy; 1 hard","2","Standard Campaign; Timed Trial; Exam Drill; Unlimited Practice; Score Attack","5","false"
"micro","concept","competitive-efficiency-limits","Competitive Efficiency & Model Limits","1 easy","1","Timed Trial; Unlimited Practice","2","false"
"micro","concept","competitive-industry-cost-conditions","Long-Run Industry Supply & Cost Conditions","1 easy","1","Timed Trial; Unlimited Practice","2","false"
"micro","concept","competitive-market-price-taking-revenue","Market Structure, Price Taking & Firm Revenue","1 hard","1","Timed Trial; Unlimited Practice","2","false"
"micro","concept","efficiency-equity-surplus-limits","Efficiency, Equity & Limits of Surplus Analysis","1 hard","1","Timed Trial; Unlimited Practice","2","false"
"micro","concept","integrated-economic-analysis","Integrated Economic Analysis","1 fadingFortuneEligible","1","Fading Fortune; Risk & Reward","2","true"
"micro","concept","integrated-economic-analysis","Integrated Economic Analysis","1 riskRewardEligible","1","Fading Fortune; Risk & Reward","2","true"
"macro","concept","loanable-funds-equilibrium","Loanable-Funds Equilibrium","1 hard","1","Timed Trial; Unlimited Practice","2","false"
"macro","concept","long-run-aggregate-supply-and-potential-output","Long-Run Aggregate Supply and Potential Output","1 fadingFortuneEligible","1","Fading Fortune; Risk & Reward","2","false"
"macro","concept","long-run-aggregate-supply-and-potential-output","Long-Run Aggregate Supply and Potential Output","1 riskRewardEligible","1","Fading Fortune; Risk & Reward","2","false"
"micro","concept","surplus-changes-policy-effects","Changes in Surplus & Policy Effects","1 easy","1","Timed Trial; Unlimited Practice","2","false"
"micro","concept","tax-incidence","Tax Incidence","1 easy","1","Timed Trial; Unlimited Practice","2","false"
"macro","concept","tax-incidence","Tax Incidence","1 easy","1","Timed Trial; Unlimited Practice","2","false"
"micro","concept","tax-wedges-and-revenue","Tax Wedges and Revenue","1 easy","1","Timed Trial; Unlimited Practice","2","false"
"micro","concept","trade-policy-efficiency-distribution","Trade-Policy Arguments, Efficiency & Distribution","1 easy","1","Timed Trial; Unlimited Practice","2","false"
"macro","concept","trade-policy-efficiency-distribution","Trade-Policy Arguments, Efficiency & Distribution","1 easy","1","Timed Trial; Unlimited Practice","2","false"
"macro","concept","sources-of-productivity","Sources of Productivity","3 hard","3","Standard Campaign; Timed Trial; Exam Drill; Quiz; Unlimited Practice; Score Attack","6","false"
"macro","concept","unemployment-types","Types of Unemployment","3 hard","3","Standard Campaign; Timed Trial; Exam Drill; Quiz; Unlimited Practice; Score Attack","6","false"
"micro","concept","applications-of-elasticity","Applications of Elasticity","2 easyBoss","2","Standard Campaign; Exam Drill; Score Attack","3","false"
"macro","concept","cpi-bias","CPI Bias","4 hard","4","Standard Campaign; Timed Trial; Exam Drill; Quiz; Unlimited Practice; Score Attack","6","false"
"micro","concept","competitive-markets","Competitive Markets","1 easy","1","Quiz","1","false"
"macro","concept","competitive-markets","Competitive Markets","1 easy","1","Quiz","1","false"
"micro","concept","competitive-profit-loss","Profit, Loss & Break-Even","1 legendaryBoss","1","Legendary Mode","1","false"
"macro","concept","cpi-and-inflation-measurement","CPI and Inflation Measurement","1 legendary","1","Legendary Mode","1","false"
"macro","concept","cpi-versus-gdp-deflator","CPI versus GDP Deflator","1 hard","1","Quiz","1","false"
"macro","concept","foreign-exchange-market","Foreign-Exchange Market Equilibrium","1 hard","1","Quiz","1","false"
"macro","concept","gdp-measurement","GDP Measurement","1 legendary","1","Legendary Mode","1","false"
"macro","concept","liquidity-preference-and-money-market","Liquidity Preference and the Money Market","1 legendary","1","Legendary Mode","1","false"
"micro","concept","long-run-average-cost-scale","LRAC, Economies & Diseconomies of Scale","1 graphSafe","1","Trial by Graph","1","false"
"micro","concept","mcomp-structure-differentiation","Market Structure & Product Differentiation","1 hard","1","Quiz","1","false"
"micro","concept","monopoly-profit-loss-shutdown","Monopoly Profit, Loss & Shutdown","1 legendary","1","Legendary Mode","1","false"
"macro","concept","nominal-exchange-rates","Nominal Exchange Rates and Currency Values","1 legendary","1","Legendary Mode","1","false"
"macro","concept","open-economy-policy-transmission","Open-Economy Policy and Macroeconomic Transmission","1 legendary","1","Legendary Mode","1","false"
"macro","concept","phillips-curve-expectations","Phillips-Curve Expectations","1 legendary","1","Legendary Mode","1","false"
"micro","concept","price-elasticity-of-demand","Price Elasticity of Demand","1 legendary","1","Legendary Mode","1","false"
"macro","concept","real-exchange-rates-and-purchasing-power","Real Exchange Rates and Purchasing Power","1 hard","1","Quiz","1","false"
"macro","concept","real-exchange-rates-and-purchasing-power","Real Exchange Rates and Purchasing Power","1 legendary","1","Legendary Mode","1","false"
"macro","concept","stabilization-policy","Stabilization Policy","1 legendary","1","Legendary Mode","1","false"
"micro","concept","tax-incidence","Tax Incidence","1 legendary","1","Legendary Mode","1","false"
"macro","concept","tax-incidence","Tax Incidence","1 legendary","1","Legendary Mode","1","false"
"micro","concept","trade-world-price-status","World Prices & Importer/Exporter Status","1 hard","1","Quiz","1","false"
"macro","concept","trade-world-price-status","World Prices & Importer/Exporter Status","1 hard","1","Quiz","1","false"
"macro","concept","unemployment-measurement","Unemployment Measurement","1 legendary","1","Legendary Mode","1","false"
"macro","concept","crowding-out-and-capital-formation","Crowding Out and Capital Formation","1 repair; 1 bridge","2","Timed Trial; Unlimited Practice","2","false"
"micro","concept","minimum-efficient-scale","Minimum Efficient Scale & Constant Returns to Scale","1 easy; 1 hard","2","Timed Trial; Unlimited Practice","2","false"
"micro","concept","monopoly-power-barriers","Monopoly Power, Barriers to Entry & Sources of Monopoly","1 medium; 1 hard","2","Timed Trial; Unlimited Practice","2","false"
"micro","concept","oligopoly-dynamic-strategy","Dynamic Strategy: Repeated Games, Credibility & Entry Deterrence","1 easy; 1 medium","2","Timed Trial; Unlimited Practice","2","false"
"micro","concept","oligopoly-rivalry-coordination","Tacit Coordination, Price Leadership & Nonprice Competition","1 easy; 1 hard","2","Timed Trial; Unlimited Practice","2","false"
"micro","concept","sunk-avoidable-costs","Sunk & Avoidable Costs","1 easy; 1 hard","2","Timed Trial; Unlimited Practice","2","false"
"macro","concept","ad-as-equilibrium-and-output-gaps","AD-AS Equilibrium and Output Gaps","3 hard","3","Timed Trial; Quiz; Unlimited Practice","3","false"
"micro","concept","competitive-markets","Competitive Markets","2 easy; 1 hard","3","Timed Trial; Quiz; Unlimited Practice","3","false"
"macro","concept","competitive-markets","Competitive Markets","2 easy; 1 hard","3","Timed Trial; Quiz; Unlimited Practice","3","false"
"micro","concept","consumer-surplus","Consumer Surplus & Willingness to Pay","3 finalBoss","3","Standard Campaign; Exam Drill; Score Attack","3","false"
"macro","concept","deposit-creation-and-money-multiplier","Deposit Creation and the Money Multiplier","3 easy","3","Timed Trial; Quiz; Unlimited Practice","3","false"
"micro","concept","mcomp-efficiency-variety-limits","Product Variety, Efficiency & Model Limits","3 easy","3","Timed Trial; Quiz; Unlimited Practice","3","false"
"micro","concept","mcomp-structure-differentiation","Market Structure & Product Differentiation","1 medium; 2 hard","3","Timed Trial; Quiz; Unlimited Practice","3","false"
"micro","concept","price-elasticity-of-supply","Price Elasticity of Supply","1 easyBoss; 1 mediumBoss; 1 finalBoss","3","Standard Campaign; Exam Drill; Score Attack","3","false"
"micro","concept","producer-surplus","Producer Surplus & Willingness to Accept","3 finalBoss","3","Standard Campaign; Exam Drill; Score Attack","3","false"
"macro","concept","short-run-aggregate-supply","Short-Run Aggregate Supply","1 easyBoss; 1 mediumBoss; 1 finalBoss","3","Standard Campaign; Exam Drill; Score Attack","3","false"
"micro","concept","trade-gains-surplus-winners-losers","Gains from Trade, Surplus & Winners/Losers","3 finalBoss","3","Standard Campaign; Exam Drill; Score Attack","3","false"
"micro","concept","trade-world-price-status","World Prices & Importer/Exporter Status","1 easy; 2 hard","3","Timed Trial; Quiz; Unlimited Practice","3","false"
"macro","concept","trade-world-price-status","World Prices & Importer/Exporter Status","1 easy; 2 hard","3","Timed Trial; Quiz; Unlimited Practice","3","false"
"micro","concept","oligopoly-dynamic-strategy","Dynamic Strategy: Repeated Games, Credibility & Entry Deterrence","1 easy; 1 medium; 3 easyBoss","5","Standard Campaign; Timed Trial; Exam Drill; Unlimited Practice; Score Attack","5","false"
"micro","concept","trade-policy-efficiency-distribution","Trade-Policy Arguments, Efficiency & Distribution","1 easy; 3 easyBoss; 1 mediumBoss","5","Standard Campaign; Timed Trial; Exam Drill; Unlimited Practice; Score Attack","5","false"
"macro","concept","trade-policy-efficiency-distribution","Trade-Policy Arguments, Efficiency & Distribution","1 easy; 3 easyBoss; 1 mediumBoss","5","Standard Campaign; Timed Trial; Exam Drill; Unlimited Practice; Score Attack","5","false"
"micro","concept","competitive-markets","Competitive Markets","2 easy; 1 hard; 3 finalBoss","6","Standard Campaign; Timed Trial; Exam Drill; Quiz; Unlimited Practice; Score Attack","6","false"
"macro","concept","competitive-markets","Competitive Markets","2 easy; 1 hard; 3 finalBoss","6","Standard Campaign; Timed Trial; Exam Drill; Quiz; Unlimited Practice; Score Attack","6","false"
"macro","concept","deposit-creation-and-money-multiplier","Deposit Creation and the Money Multiplier","3 easy; 2 mediumBoss; 2 finalBoss","7","Standard Campaign; Timed Trial; Exam Drill; Quiz; Unlimited Practice; Score Attack","6","false"
"micro","concept","price-signals","Price Signals","2 easy; 2 hard; 3 easyBoss","7","Standard Campaign; Timed Trial; Exam Drill; Quiz; Unlimited Practice; Score Attack","6","false"
"micro","concept","efficiency-equity-surplus-limits","Efficiency, Equity & Limits of Surplus Analysis","1 hard; 2 easyBoss; 2 mediumBoss; 1 finalBoss","6","Standard Campaign; Timed Trial; Exam Drill; Unlimited Practice; Score Attack","5","false"
"micro","concept","oligopoly-rivalry-coordination","Tacit Coordination, Price Leadership & Nonprice Competition","1 easy; 1 hard; 3 easyBoss; 1 finalBoss","6","Standard Campaign; Timed Trial; Exam Drill; Unlimited Practice; Score Attack","5","false"
"micro","concept","surplus-changes-policy-effects","Changes in Surplus & Policy Effects","1 easy; 3 easyBoss; 2 mediumBoss","6","Standard Campaign; Timed Trial; Exam Drill; Unlimited Practice; Score Attack","5","false"
"macro","concept","bank-balance-sheets-reserves-and-capital","Bank Balance Sheets, Reserves, and Capital","2 easyBoss; 1 mediumBoss; 1 finalBoss","4","Standard Campaign; Exam Drill; Score Attack","3","false"
"micro","concept","competitive-profit-loss","Profit, Loss & Break-Even","1 easyBoss; 3 finalBoss","4","Standard Campaign; Exam Drill; Score Attack","3","false"
"micro","concept","marginal-cost-production-linkages","Marginal Cost & Production–Cost Linkages","3 easyBoss; 1 mediumBoss","4","Standard Campaign; Exam Drill; Score Attack","3","false"
"micro","concept","mcomp-entry-exit-long-run","Entry, Exit & Long-Run Equilibrium","2 easyBoss; 2 finalBoss","4","Standard Campaign; Exam Drill; Score Attack","3","false"
"micro","concept","price-signals","Price Signals","2 easy; 2 hard","4","Timed Trial; Quiz; Unlimited Practice","3","false"
"micro","concept","short-run-production","Short-Run Production & Diminishing Marginal Product","2 mediumBoss; 2 finalBoss","4","Standard Campaign; Exam Drill; Score Attack","3","false"
"micro","concept","trade-domestic-production-consumption-quantities","Domestic Production, Consumption & Trade Quantities","1 mediumBoss; 3 finalBoss","4","Standard Campaign; Exam Drill; Score Attack","3","false"
"micro","concept","competitive-efficiency-limits","Competitive Efficiency & Model Limits","1 easy; 3 easyBoss; 3 mediumBoss","7","Standard Campaign; Timed Trial; Exam Drill; Unlimited Practice; Score Attack","5","false"
"micro","concept","competitive-industry-cost-conditions","Long-Run Industry Supply & Cost Conditions","1 easy; 3 easyBoss; 3 mediumBoss","7","Standard Campaign; Timed Trial; Exam Drill; Unlimited Practice; Score Attack","5","false"
"micro","concept","competitive-market-price-taking-revenue","Market Structure, Price Taking & Firm Revenue","1 hard; 3 mediumBoss; 3 finalBoss","7","Standard Campaign; Timed Trial; Exam Drill; Unlimited Practice; Score Attack","5","false"
"micro","concept","tax-incidence","Tax Incidence","1 easy; 3 easyBoss; 3 mediumBoss","7","Standard Campaign; Timed Trial; Exam Drill; Unlimited Practice; Score Attack","5","false"
"macro","concept","tax-incidence","Tax Incidence","1 easy; 3 easyBoss; 3 mediumBoss","7","Standard Campaign; Timed Trial; Exam Drill; Unlimited Practice; Score Attack","5","false"
"micro","concept","tax-wedges-and-revenue","Tax Wedges and Revenue","1 easy; 3 easyBoss; 3 mediumBoss","7","Standard Campaign; Timed Trial; Exam Drill; Unlimited Practice; Score Attack","5","false"
"micro","concept","market-power","Market Power","3 fadingFortuneEligible","3","Fading Fortune; Risk & Reward","2","false"
"micro","concept","market-power","Market Power","3 riskRewardEligible","3","Fading Fortune; Risk & Reward","2","false"
"macro","concept","ad-as-equilibrium-and-output-gaps","AD-AS Equilibrium and Output Gaps","3 hard; 1 easyBoss; 3 mediumBoss; 2 finalBoss","9","Standard Campaign; Timed Trial; Exam Drill; Quiz; Unlimited Practice; Score Attack","6","false"
"macro","concept","budget-accounting-and-public-saving","Budget Accounting and Public Saving","5 hard; 1 easyBoss; 1 mediumBoss; 2 finalBoss","9","Standard Campaign; Timed Trial; Exam Drill; Quiz; Unlimited Practice; Score Attack","6","false"
"macro","concept","debt-measures-burden-and-fiscal-data","Debt Measures, Debt Burden, and Fiscal Data","5 hard; 1 easyBoss; 1 mediumBoss; 2 finalBoss","9","Standard Campaign; Timed Trial; Exam Drill; Quiz; Unlimited Practice; Score Attack","6","false"
"macro","concept","long-run-macroeconomic-self-adjustment","Long-Run Macroeconomic Self-Adjustment","4 easy; 2 medium; 2 easyBoss; 1 finalBoss","9","Standard Campaign; Timed Trial; Exam Drill; Quiz; Unlimited Practice; Score Attack","6","false"
"micro","concept","mcomp-efficiency-variety-limits","Product Variety, Efficiency & Model Limits","3 easy; 3 easyBoss; 3 mediumBoss","9","Standard Campaign; Timed Trial; Exam Drill; Quiz; Unlimited Practice; Score Attack","6","false"
"micro","concept","mcomp-structure-differentiation","Market Structure & Product Differentiation","1 medium; 2 hard; 3 mediumBoss; 3 finalBoss","9","Standard Campaign; Timed Trial; Exam Drill; Quiz; Unlimited Practice; Score Attack","6","false"
"micro","concept","trade-world-price-status","World Prices & Importer/Exporter Status","1 easy; 2 hard; 3 mediumBoss; 3 finalBoss","9","Standard Campaign; Timed Trial; Exam Drill; Quiz; Unlimited Practice; Score Attack","6","false"
"macro","concept","trade-world-price-status","World Prices & Importer/Exporter Status","1 easy; 2 hard; 3 mediumBoss; 3 finalBoss","9","Standard Campaign; Timed Trial; Exam Drill; Quiz; Unlimited Practice; Score Attack","6","false"
"micro","concept","minimum-efficient-scale","Minimum Efficient Scale & Constant Returns to Scale","1 easy; 1 hard; 3 easyBoss; 3 mediumBoss","8","Standard Campaign; Timed Trial; Exam Drill; Unlimited Practice; Score Attack","5","false"
"macro","concept","budget-accounting-and-public-saving","Budget Accounting and Public Saving","5 hard","5","Timed Trial; Quiz; Unlimited Practice","3","false"
"micro","concept","competitive-output-choice","Profit-Maximizing Output & the MR = MC Rule","3 mediumBoss; 2 finalBoss","5","Standard Campaign; Exam Drill; Score Attack","3","false"
"macro","concept","debt-measures-burden-and-fiscal-data","Debt Measures, Debt Burden, and Fiscal Data","5 hard","5","Timed Trial; Quiz; Unlimited Practice","3","false"
"macro","concept","deficits-debt-and-government-borrowing","Deficits, Debt, and Government Borrowing","1 easy; 4 hard","5","Timed Trial; Quiz; Unlimited Practice","3","false"
"micro","concept","monopoly-profit-loss-shutdown","Monopoly Profit, Loss & Shutdown","2 easyBoss; 3 finalBoss","5","Standard Campaign; Exam Drill; Score Attack","3","false"
"micro","concept","tariffs-revenue-deadweight-loss","Tariffs, Revenue & Deadweight Loss","3 easyBoss; 2 mediumBoss","5","Standard Campaign; Exam Drill; Score Attack","3","false"
"macro","concept","tariffs-revenue-deadweight-loss","Tariffs, Revenue & Deadweight Loss","3 easyBoss; 2 mediumBoss","5","Standard Campaign; Exam Drill; Score Attack","3","false"
"micro","concept","sunk-avoidable-costs","Sunk & Avoidable Costs","1 easy; 1 hard; 3 easyBoss; 3 mediumBoss; 1 finalBoss","9","Standard Campaign; Timed Trial; Exam Drill; Unlimited Practice; Score Attack","5","false"
"micro","concept","cross-price-elasticity-of-demand","Cross-Price Elasticity of Demand","1 easy; 6 hard; 1 easyBoss; 1 mediumBoss; 2 finalBoss","11","Standard Campaign; Timed Trial; Exam Drill; Quiz; Unlimited Practice; Score Attack","6","false"
"macro","concept","ad-as-equilibrium-and-output-gaps","AD-AS Equilibrium and Output Gaps","2 hard","2","Quiz","1","false"
"macro","concept","aggregate-demand","Aggregate Demand","2 legendary","2","Legendary Mode","1","false"
"micro","concept","binding-price-ceilings","Price Ceilings","1 legendary; 1 legendaryBoss","2","Legendary Mode","1","false"
"macro","concept","binding-price-ceilings","Price Ceilings","1 legendary; 1 legendaryBoss","2","Legendary Mode","1","false"
"micro","concept","binding-price-floors","Price Floors","2 legendary","2","Legendary Mode","1","false"
"macro","concept","binding-price-floors","Price Floors","2 legendary","2","Legendary Mode","1","false"
"macro","concept","capital-flows-and-net-capital-outflow","Capital Flows and Net Capital Outflow","2 legendary","2","Legendary Mode","1","false"
"micro","concept","competitive-market-price-taking-revenue","Market Structure, Price Taking & Firm Revenue","2 graphSafe","2","Trial by Graph","1","false"
"micro","concept","cost-components-schedules","Cost Components & Cost Schedules","2 graphSafe","2","Trial by Graph","1","false"
"macro","concept","deposit-creation-and-money-multiplier","Deposit Creation and the Money Multiplier","2 easy","2","Quiz","1","false"
"micro","concept","efficient-quantity-allocation","Efficient Quantity & Allocation","2 graphSafe","2","Trial by Graph","1","false"
"micro","concept","elasticity-and-total-revenue","Elasticity and Total Revenue","1 legendary; 1 legendaryBoss","2","Legendary Mode","1","false"
"macro","concept","gdp-components","GDP Components","2 legendary","2","Legendary Mode","1","false"
"macro","concept","labor-market-institutions","Labor-Market Institutions","2 legendary","2","Legendary Mode","1","false"
"macro","concept","living-standards-and-growth","Living Standards and Growth","2 legendary","2","Legendary Mode","1","false"
"micro","concept","mcomp-efficiency-variety-limits","Product Variety, Efficiency & Model Limits","2 easy","2","Quiz","1","false"
"macro","family","money-banking-fed","Money, banking, and the Federal Reserve","2 legendary","2","Legendary Mode","1","false"
"micro","concept","oligopoly-game-theory-foundations","Game Theory Foundations: Payoff Matrices, Best Responses & Nash Equilibrium","2 legendary","2","Legendary Mode","1","false"
"micro","concept","price-elasticity-of-supply","Price Elasticity of Supply","2 graphSafe","2","Trial by Graph","1","false"
"micro","concept","price-signals","Price Signals","1 easy; 1 hard","2","Quiz","1","false"
"macro","concept","productivity-measurement","Productivity Measurement","2 legendary","2","Legendary Mode","1","false"
"macro","concept","sacrifice-ratio","Sacrifice Ratio","2 legendary","2","Legendary Mode","1","false"
"macro","concept","sources-of-productivity","Sources of Productivity","2 hard","2","Quiz","1","false"
"micro","concept","trade-domestic-production-consumption-quantities","Domestic Production, Consumption & Trade Quantities","2 graphSafe","2","Trial by Graph","1","false"
"macro","concept","unemployment-types","Types of Unemployment","2 hard","2","Quiz","1","false"
"micro","concept","average-costs","Average Costs: AFC, AVC & ATC","3 easyBoss; 3 finalBoss","6","Standard Campaign; Exam Drill; Score Attack","3","false"
"micro","concept","binding-price-ceilings","Price Ceilings","3 easyBoss; 3 mediumBoss","6","Standard Campaign; Exam Drill; Score Attack","3","false"
"macro","concept","binding-price-ceilings","Price Ceilings","3 easyBoss; 3 mediumBoss","6","Standard Campaign; Exam Drill; Score Attack","3","false"
"micro","concept","binding-price-floors","Price Floors","3 easyBoss; 3 mediumBoss","6","Standard Campaign; Exam Drill; Score Attack","3","false"
"macro","concept","binding-price-floors","Price Floors","3 easyBoss; 3 mediumBoss","6","Standard Campaign; Exam Drill; Score Attack","3","false"
"micro","concept","competitive-entry-exit-long-run","Entry, Exit & Long-Run Equilibrium","3 easyBoss; 3 mediumBoss","6","Standard Campaign; Exam Drill; Score Attack","3","false"
"micro","concept","competitive-short-run-supply","Short-Run Supply & Cost Shifts","3 easyBoss; 3 finalBoss","6","Standard Campaign; Exam Drill; Score Attack","3","false"
"micro","concept","competitive-shutdown","Shutdown & Short-Run Loss Minimization","3 easyBoss; 3 finalBoss","6","Standard Campaign; Exam Drill; Score Attack","3","false"
"micro","concept","economic-costs","Economic Costs: Explicit, Implicit & Opportunity Cost","1 easy; 5 hard","6","Timed Trial; Quiz; Unlimited Practice","3","false"
"micro","concept","import-quotas-quota-rents","Import Quotas, Quota Rents & Tariff–Quota Comparison","3 easyBoss; 3 mediumBoss","6","Standard Campaign; Exam Drill; Score Attack","3","false"
"macro","concept","import-quotas-quota-rents","Import Quotas, Quota Rents & Tariff–Quota Comparison","3 easyBoss; 3 mediumBoss","6","Standard Campaign; Exam Drill; Score Attack","3","false"
"macro","concept","long-run-aggregate-supply-and-potential-output","Long-Run Aggregate Supply and Potential Output","4 legendary; 2 legendaryBoss","6","Legendary Mode; Fading Fortune; Risk & Reward","3","false"
"micro","concept","long-run-average-cost-scale","LRAC, Economies & Diseconomies of Scale","3 easyBoss; 3 mediumBoss","6","Standard Campaign; Exam Drill; Score Attack","3","false"
"macro","concept","long-run-macroeconomic-self-adjustment","Long-Run Macroeconomic Self-Adjustment","4 easy; 2 medium","6","Timed Trial; Quiz; Unlimited Practice","3","false"
"micro","concept","mcomp-advertising-nonprice","Advertising, Branding & Nonprice Competition","3 easyBoss; 3 mediumBoss","6","Standard Campaign; Exam Drill; Score Attack","3","false"
"micro","concept","mcomp-short-run-choice","Short-Run Firm Choice, Profit/Loss & Shutdown","3 mediumBoss; 3 finalBoss","6","Standard Campaign; Exam Drill; Score Attack","3","false"
"micro","concept","monopoly-demand-revenue","Monopoly Demand, Revenue & Marginal Revenue","3 mediumBoss; 3 finalBoss","6","Standard Campaign; Exam Drill; Score Attack","3","false"
"micro","concept","monopoly-output-price","Profit-Maximizing Output & Monopoly Price","3 mediumBoss; 3 finalBoss","6","Standard Campaign; Exam Drill; Score Attack","3","false"
"micro","concept","monopoly-price-discrimination","Price Discrimination","3 easyBoss; 3 mediumBoss","6","Standard Campaign; Exam Drill; Score Attack","3","false"
"micro","concept","monopoly-welfare-efficiency","Monopoly Welfare, Efficiency & Competitive Comparison","3 easyBoss; 3 mediumBoss","6","Standard Campaign; Exam Drill; Score Attack","3","false"
"micro","concept","natural-monopoly-regulation","Natural Monopoly & Regulation","3 easyBoss; 3 mediumBoss","6","Standard Campaign; Exam Drill; Score Attack","3","false"
"micro","concept","oligopoly-collusion-cartels","Collusion, Cartels & Prisoner’s-Dilemma Incentives","3 easyBoss; 3 finalBoss","6","Standard Campaign; Exam Drill; Score Attack","3","false"
"micro","concept","oligopoly-game-theory-foundations","Game Theory Foundations: Payoff Matrices, Best Responses & Nash Equilibrium","3 mediumBoss; 3 finalBoss","6","Standard Campaign; Exam Drill; Score Attack","3","false"
"micro","concept","oligopoly-structure-concentration","Oligopoly Structure, Strategic Interdependence & Concentration","3 mediumBoss; 3 finalBoss","6","Standard Campaign; Exam Drill; Score Attack","3","false"
"micro","concept","oligopoly-welfare-policy","Oligopoly Welfare, Mergers & Antitrust Tradeoffs","3 easyBoss; 3 mediumBoss","6","Standard Campaign; Exam Drill; Score Attack","3","false"
"micro","concept","profit-concepts","Accounting, Economic & Normal Profit","3 mediumBoss; 3 finalBoss","6","Standard Campaign; Exam Drill; Score Attack","3","false"
"micro","concept","statutory-versus-economic-tax-incidence","Statutory versus Economic Tax Incidence","4 easy; 1 hard; 1 repair","6","Timed Trial; Quiz; Unlimited Practice","3","false"
"macro","concept","statutory-versus-economic-tax-incidence","Statutory versus Economic Tax Incidence","4 easy; 1 hard; 1 repair","6","Timed Trial; Quiz; Unlimited Practice","3","false"
"macro","concept","loanable-funds-equilibrium","Loanable-Funds Equilibrium","1 hard; 3 easyBoss; 3 mediumBoss; 3 finalBoss","10","Standard Campaign; Timed Trial; Exam Drill; Unlimited Practice; Score Attack","5","false"
"macro","concept","deficits-debt-and-government-borrowing","Deficits, Debt, and Government Borrowing","1 easy; 4 hard; 3 easyBoss; 3 mediumBoss; 1 finalBoss","12","Standard Campaign; Timed Trial; Exam Drill; Quiz; Unlimited Practice; Score Attack","6","false"
"micro","concept","income-elasticity-of-demand","Income Elasticity of Demand","1 easy; 6 hard; 1 easyBoss; 2 mediumBoss; 2 finalBoss","12","Standard Campaign; Timed Trial; Exam Drill; Quiz; Unlimited Practice; Score Attack","6","false"
"micro","concept","statutory-versus-economic-tax-incidence","Statutory versus Economic Tax Incidence","4 easy; 1 hard; 3 easyBoss; 3 mediumBoss; 1 repair","12","Standard Campaign; Timed Trial; Exam Drill; Quiz; Unlimited Practice; Score Attack","6","false"
"macro","concept","statutory-versus-economic-tax-incidence","Statutory versus Economic Tax Incidence","4 easy; 1 hard; 3 easyBoss; 3 mediumBoss; 1 repair","12","Standard Campaign; Timed Trial; Exam Drill; Quiz; Unlimited Practice; Score Attack","6","false"
"micro","concept","economic-costs","Economic Costs: Explicit, Implicit & Opportunity Cost","1 easy; 5 hard; 1 easyBoss; 3 mediumBoss; 3 finalBoss","13","Standard Campaign; Timed Trial; Exam Drill; Quiz; Unlimited Practice; Score Attack","6","false"
"macro","concept","crowding-out-and-capital-formation","Crowding Out and Capital Formation","3 easyBoss; 3 mediumBoss; 3 finalBoss; 1 repair; 1 bridge","11","Standard Campaign; Timed Trial; Exam Drill; Unlimited Practice; Score Attack","5","false"
"micro","concept","monopoly-power-barriers","Monopoly Power, Barriers to Entry & Sources of Monopoly","1 medium; 1 hard; 3 easyBoss; 3 mediumBoss; 3 finalBoss","11","Standard Campaign; Timed Trial; Exam Drill; Unlimited Practice; Score Attack","5","false"
"micro","concept","integrated-economic-analysis","Integrated Economic Analysis","6 easy; 6 medium; 6 hard","18","Standard Campaign; Timed Trial; Exam Drill; Quiz; Unlimited Practice; Score Attack; Fading Fortune; Risk & Reward","8","true"
"macro","concept","long-run-aggregate-supply-and-potential-output","Long-Run Aggregate Supply and Potential Output","4 easy; 5 medium; 3 hard; 2 easyBoss; 2 mediumBoss; 2 finalBoss","18","Standard Campaign; Timed Trial; Exam Drill; Quiz; Unlimited Practice; Score Attack; Fading Fortune; Risk & Reward","8","false"
"micro","concept","cost-components-schedules","Cost Components & Cost Schedules","3 easyBoss; 1 mediumBoss; 3 finalBoss","7","Standard Campaign; Exam Drill; Score Attack","3","false"
"micro","concept","cross-price-elasticity-of-demand","Cross-Price Elasticity of Demand","1 easy; 6 hard","7","Timed Trial; Quiz; Unlimited Practice","3","false"
"micro","concept","externalities","Externalities","2 easyBoss; 2 mediumBoss; 3 finalBoss","7","Standard Campaign; Exam Drill; Score Attack","3","false"
"micro","concept","income-elasticity-of-demand","Income Elasticity of Demand","1 easy; 6 hard","7","Timed Trial; Quiz; Unlimited Practice","3","false"
"micro","concept","market-power","Market Power","4 legendary; 3 legendaryBoss","7","Legendary Mode; Fading Fortune; Risk & Reward","3","false"
"macro","concept","long-run-aggregate-supply-and-potential-output","Long-Run Aggregate Supply and Potential Output","4 easy; 5 medium; 3 hard","12","Timed Trial; Quiz; Unlimited Practice; Fading Fortune; Risk & Reward","5","false"
"micro","concept","market-power","Market Power","4 easy; 4 medium; 5 hard; 3 easyBoss; 2 mediumBoss; 3 finalBoss; 1 bridge","22","Standard Campaign; Timed Trial; Exam Drill; Quiz; Unlimited Practice; Score Attack; Fading Fortune; Risk & Reward","8","false"
"micro","concept","market-power","Market Power","4 easy; 4 medium; 5 hard; 1 bridge","14","Timed Trial; Quiz; Unlimited Practice; Fading Fortune; Risk & Reward","5","false"
"macro","concept","ad-as-equilibrium-and-output-gaps","AD-AS Equilibrium and Output Gaps","3 graphSafe","3","Trial by Graph","1","false"
"micro","concept","average-costs","Average Costs: AFC, AVC & ATC","3 legendaryBoss","3","Legendary Mode","1","false"
"macro","concept","cpi-bias","CPI Bias","3 hard","3","Quiz","1","false"
"macro","concept","cpi-bias","CPI Bias","3 legendary","3","Legendary Mode","1","false"
"macro","concept","cpi-versus-gdp-deflator","CPI versus GDP Deflator","3 legendary","3","Legendary Mode","1","false"
"macro","concept","deficits-debt-and-government-borrowing","Deficits, Debt, and Government Borrowing","3 hard","3","Quiz","1","false"
"macro","concept","disinflation-and-policy","Disinflation and Policy","3 legendary","3","Legendary Mode","1","false"
"macro","concept","economic-growth-policy","Economic Growth Policy","3 legendary","3","Legendary Mode","1","false"
"micro","concept","externalities","Externalities","3 legendaryBoss","3","Legendary Mode","1","false"
"macro","concept","fiscal-policy-and-aggregate-demand","Fiscal Policy and Aggregate Demand","3 legendary","3","Legendary Mode","1","false"
"micro","concept","import-quotas-quota-rents","Import Quotas, Quota Rents & Tariff–Quota Comparison","3 legendaryBoss","3","Legendary Mode","1","false"
"macro","concept","import-quotas-quota-rents","Import Quotas, Quota Rents & Tariff–Quota Comparison","3 legendaryBoss","3","Legendary Mode","1","false"
"macro","concept","indexing-and-real-values","Indexing and Real Values","3 legendary","3","Legendary Mode","1","false"
"macro","concept","limits-of-gdp","Limits of GDP","3 legendary","3","Legendary Mode","1","false"
"micro","concept","long-run-average-cost-scale","LRAC, Economies & Diseconomies of Scale","3 legendaryBoss","3","Legendary Mode","1","false"
"micro","concept","mcomp-short-run-choice","Short-Run Firm Choice, Profit/Loss & Shutdown","3 graphSafe","3","Trial by Graph","1","false"
"micro","concept","natural-monopoly-regulation","Natural Monopoly & Regulation","3 legendaryBoss","3","Legendary Mode","1","false"
"micro","concept","oligopoly-rivalry-coordination","Tacit Coordination, Price Leadership & Nonprice Competition","3 legendaryBoss","3","Legendary Mode","1","false"
"macro","concept","short-run-aggregate-supply","Short-Run Aggregate Supply","2 legendary; 1 legendaryBoss","3","Legendary Mode","1","false"
"micro","concept","short-run-production","Short-Run Production & Diminishing Marginal Product","3 legendaryBoss","3","Legendary Mode","1","false"
"macro","concept","sources-of-productivity","Sources of Productivity","3 legendary","3","Legendary Mode","1","false"
"micro","concept","statutory-versus-economic-tax-incidence","Statutory versus Economic Tax Incidence","3 easy","3","Quiz","1","false"
"micro","concept","statutory-versus-economic-tax-incidence","Statutory versus Economic Tax Incidence","3 graphSafe","3","Trial by Graph","1","false"
"macro","concept","statutory-versus-economic-tax-incidence","Statutory versus Economic Tax Incidence","3 easy","3","Quiz","1","false"
"macro","concept","statutory-versus-economic-tax-incidence","Statutory versus Economic Tax Incidence","3 graphSafe","3","Trial by Graph","1","false"
"micro","concept","tax-wedges-and-revenue","Tax Wedges and Revenue","3 legendary","3","Legendary Mode","1","false"
"micro","concept","trade-domestic-production-consumption-quantities","Domestic Production, Consumption & Trade Quantities","3 legendaryBoss","3","Legendary Mode","1","false"
"micro","concept","trade-policy-efficiency-distribution","Trade-Policy Arguments, Efficiency & Distribution","3 legendaryBoss","3","Legendary Mode","1","false"
"macro","concept","trade-policy-efficiency-distribution","Trade-Policy Arguments, Efficiency & Distribution","3 legendaryBoss","3","Legendary Mode","1","false"
"macro","concept","unemployment-types","Types of Unemployment","3 legendary","3","Legendary Mode","1","false"
"macro","concept","loanable-funds-shifts","Loanable-Funds Shifts","3 easyBoss; 3 mediumBoss; 3 finalBoss","9","Standard Campaign; Exam Drill; Score Attack","3","false"
"macro","concept","long-run-aggregate-supply-and-potential-output","Long-Run Aggregate Supply and Potential Output","3 easy; 4 medium; 2 hard","9","Quiz; Fading Fortune; Risk & Reward","3","false"
"micro","concept","integrated-economic-analysis","Integrated Economic Analysis","10 graphSafe","10","Trial by Graph; Fading Fortune; Risk & Reward","3","true"
"macro","concept","long-run-aggregate-supply-and-potential-output","Long-Run Aggregate Supply and Potential Output","10 graphSafe","10","Trial by Graph; Fading Fortune; Risk & Reward","3","false"
"micro","concept","market-power","Market Power","3 easy; 3 medium; 4 hard","10","Quiz; Fading Fortune; Risk & Reward","3","false"
"micro","concept","market-power","Market Power","10 graphSafe","10","Trial by Graph; Fading Fortune; Risk & Reward","3","false"
"macro","concept","budget-accounting-and-public-saving","Budget Accounting and Public Saving","4 hard","4","Quiz","1","false"
"micro","concept","competitive-entry-exit-long-run","Entry, Exit & Long-Run Equilibrium","4 legendary","4","Legendary Mode","1","false"
"micro","concept","competitive-short-run-supply","Short-Run Supply & Cost Shifts","4 graphSafe","4","Trial by Graph","1","false"
"micro","concept","cross-price-elasticity-of-demand","Cross-Price Elasticity of Demand","3 legendary; 1 legendaryBoss","4","Legendary Mode","1","false"
"macro","concept","debt-measures-burden-and-fiscal-data","Debt Measures, Debt Burden, and Fiscal Data","4 hard","4","Quiz","1","false"
"macro","concept","deposit-creation-and-money-multiplier","Deposit Creation and the Money Multiplier","4 legendary","4","Legendary Mode","1","false"
"micro","concept","economic-costs","Economic Costs: Explicit, Implicit & Opportunity Cost","4 hard","4","Quiz","1","false"
"macro","concept","fisher-effect","Fisher Effect","4 legendary","4","Legendary Mode","1","false"
"macro","concept","inflation-tax-and-deflation","Inflation Tax and Deflation","4 legendary","4","Legendary Mode","1","false"
"macro","concept","loanable-funds-equilibrium","Loanable-Funds Equilibrium","4 graphSafe","4","Trial by Graph","1","false"
"macro","concept","long-run-macroeconomic-self-adjustment","Long-Run Macroeconomic Self-Adjustment","3 easy; 1 medium","4","Quiz","1","false"
"macro","concept","long-run-macroeconomic-self-adjustment","Long-Run Macroeconomic Self-Adjustment","3 legendary; 1 legendaryBoss","4","Legendary Mode","1","false"
"macro","concept","long-run-phillips-curve","Long-Run Phillips Curve","4 legendary","4","Legendary Mode","1","false"
"macro","concept","long-run-phillips-curve","Long-Run Phillips Curve","4 graphSafe","4","Trial by Graph","1","false"
"micro","concept","marginal-cost-production-linkages","Marginal Cost & Production–Cost Linkages","4 graphSafe","4","Trial by Graph","1","false"
"macro","concept","monetary-policy-transmission","Monetary-Policy Transmission","4 legendary","4","Legendary Mode","1","false"
"micro","concept","monopoly-price-discrimination","Price Discrimination","1 legendary; 3 legendaryBoss","4","Legendary Mode","1","false"
"macro","concept","phillips-curve-expectations","Phillips-Curve Expectations","4 graphSafe","4","Trial by Graph","1","false"
"micro","concept","price-elasticity-of-supply","Price Elasticity of Supply","4 legendary","4","Legendary Mode","1","false"
"macro","concept","quantity-theory-of-money","Quantity Theory of Money","4 legendary","4","Legendary Mode","1","false"
"macro","concept","real-versus-nominal-interest-rates","Real versus Nominal Interest Rates","4 legendary","4","Legendary Mode","1","false"
"macro","concept","short-run-phillips-curve","Short-Run Phillips Curve","4 legendary","4","Legendary Mode","1","false"
"micro","concept","statutory-versus-economic-tax-incidence","Statutory versus Economic Tax Incidence","4 legendary","4","Legendary Mode","1","false"
"macro","concept","statutory-versus-economic-tax-incidence","Statutory versus Economic Tax Incidence","4 legendary","4","Legendary Mode","1","false"
"micro","concept","tax-incidence","Tax Incidence","4 graphSafe","4","Trial by Graph","1","false"
"macro","concept","tax-incidence","Tax Incidence","4 graphSafe","4","Trial by Graph","1","false"
"micro","concept","total-surplus-gains-from-exchange","Total Surplus & Gains from Exchange","4 legendary","4","Legendary Mode","1","false"
"micro","concept","cross-price-elasticity-of-demand","Cross-Price Elasticity of Demand","5 hard","5","Quiz","1","false"
"macro","concept","debt-measures-burden-and-fiscal-data","Debt Measures, Debt Burden, and Fiscal Data","3 legendary; 2 legendaryBoss","5","Legendary Mode","1","false"
"macro","concept","deficits-debt-and-government-borrowing","Deficits, Debt, and Government Borrowing","4 legendary; 1 legendaryBoss","5","Legendary Mode","1","false"
"micro","concept","efficient-quantity-allocation","Efficient Quantity & Allocation","5 legendary","5","Legendary Mode","1","false"
"micro","concept","income-elasticity-of-demand","Income Elasticity of Demand","5 hard","5","Quiz","1","false"
"macro","concept","inflation-costs","Costs of Inflation","5 legendary","5","Legendary Mode","1","false"
"macro","concept","monetary-control-limits","Limits of Monetary Control","5 legendary","5","Legendary Mode","1","false"
"macro","concept","monetary-policy-tools","Monetary-Policy Tools","5 legendary","5","Legendary Mode","1","false"
"macro","concept","natural-rate-of-unemployment","Natural Rate of Unemployment","5 legendary","5","Legendary Mode","1","false"
"micro","concept","integrated-economic-analysis","Integrated Economic Analysis","5 easy; 5 medium; 5 hard","15","Quiz; Fading Fortune; Risk & Reward","3","true"
"macro","concept","central-bank-and-federal-reserve","Central Banking and the Federal Reserve","6 legendary","6","Legendary Mode","1","false"
"micro","concept","competitive-industry-cost-conditions","Long-Run Industry Supply & Cost Conditions","6 graphSafe","6","Trial by Graph","1","false"
"micro","concept","competitive-output-choice","Profit-Maximizing Output & the MR = MC Rule","6 legendary","6","Legendary Mode","1","false"
"micro","concept","consumer-choice","Consumer Choice","6 legendary","6","Legendary Mode","1","false"
"micro","concept","consumer-surplus","Consumer Surplus & Willingness to Pay","4 legendary; 2 legendaryBoss","6","Legendary Mode","1","false"
"micro","concept","demand","Demand","5 legendary; 1 legendaryBoss","6","Legendary Mode","1","false"
"macro","concept","demand","Demand","5 legendary; 1 legendaryBoss","6","Legendary Mode","1","false"
"micro","concept","factor-markets","Factor Markets","6 legendary","6","Legendary Mode","1","false"
"macro","concept","fiscal-multipliers-and-crowding-out","Fiscal Multipliers and Crowding Out","6 legendary","6","Legendary Mode","1","false"
"micro","concept","income-inequality-poverty-and-redistribution","Income Inequality, Poverty, and Redistribution","6 legendary","6","Legendary Mode","1","false"
"micro","concept","information-asymmetry-behavioral-and-political-economy","Information Asymmetry, Behavioral Economics, and Political Economy","6 legendary","6","Legendary Mode","1","false"
"macro","concept","loanable-funds-equilibrium","Loanable-Funds Equilibrium","6 legendary","6","Legendary Mode","1","false"
"macro","concept","loanable-funds-shifts","Loanable-Funds Shifts","3 legendary; 3 legendaryBoss","6","Legendary Mode","1","false"
"micro","concept","mcomp-efficiency-variety-limits","Product Variety, Efficiency & Model Limits","6 graphSafe","6","Trial by Graph","1","false"
"macro","concept","monetary-neutrality","Monetary Neutrality","6 legendary","6","Legendary Mode","1","false"
"macro","concept","money-functions-and-measures","Money Functions and Measures","6 legendary","6","Legendary Mode","1","false"
"micro","concept","oligopoly-structure-concentration","Oligopoly Structure, Strategic Interdependence & Concentration","6 legendary","6","Legendary Mode","1","false"
"micro","family","people-institutions","Consumers, factor markets, and distribution","6 legendary","6","Legendary Mode","1","false"
"macro","concept","saving-and-investment-identities","Saving, Investment, and National-Saving Identities","6 legendary","6","Legendary Mode","1","false"
"micro","concept","trade-world-price-status","World Prices & Importer/Exporter Status","6 graphSafe","6","Trial by Graph","1","false"
"macro","concept","trade-world-price-status","World Prices & Importer/Exporter Status","6 graphSafe","6","Trial by Graph","1","false"
"macro","concept","bank-balance-sheets-reserves-and-capital","Bank Balance Sheets, Reserves, and Capital","6 legendary; 1 legendaryBoss","7","Legendary Mode","1","false"
"macro","concept","budget-accounting-and-public-saving","Budget Accounting and Public Saving","5 legendary; 2 legendaryBoss","7","Legendary Mode","1","false"
"micro","concept","competitive-efficiency-limits","Competitive Efficiency & Model Limits","7 graphSafe","7","Trial by Graph","1","false"
"micro","concept","income-elasticity-of-demand","Income Elasticity of Demand","5 legendary; 2 legendaryBoss","7","Legendary Mode","1","false"
"micro","concept","marginal-cost-production-linkages","Marginal Cost & Production–Cost Linkages","4 legendary; 3 legendaryBoss","7","Legendary Mode","1","false"
"micro","concept","monopoly-demand-revenue","Monopoly Demand, Revenue & Marginal Revenue","7 graphSafe","7","Trial by Graph","1","false"
"micro","concept","oligopoly-rivalry-coordination","Tacit Coordination, Price Leadership & Nonprice Competition","7 graphSafe","7","Trial by Graph","1","false"
"macro","concept","ad-as-equilibrium-and-output-gaps","AD-AS Equilibrium and Output Gaps","6 legendary; 2 legendaryBoss","8","Legendary Mode","1","false"
"micro","concept","competitive-markets","Competitive Markets","5 legendary; 3 legendaryBoss","8","Legendary Mode","1","false"
"macro","concept","competitive-markets","Competitive Markets","5 legendary; 3 legendaryBoss","8","Legendary Mode","1","false"
"micro","concept","competitive-short-run-supply","Short-Run Supply & Cost Shifts","6 legendary; 2 legendaryBoss","8","Legendary Mode","1","false"
"macro","concept","crowding-out-and-capital-formation","Crowding Out and Capital Formation","5 legendary; 3 legendaryBoss","8","Legendary Mode","1","false"
"micro","concept","minimum-efficient-scale","Minimum Efficient Scale & Constant Returns to Scale","8 graphSafe","8","Trial by Graph","1","false"
"micro","concept","price-signals","Price Signals","5 legendary; 3 legendaryBoss","8","Legendary Mode","1","false"
"micro","concept","sunk-avoidable-costs","Sunk & Avoidable Costs","5 legendary; 3 legendaryBoss","8","Legendary Mode","1","false"
"micro","concept","surplus-changes-policy-effects","Changes in Surplus & Policy Effects","8 graphSafe","8","Trial by Graph","1","false"
"micro","concept","competitive-market-price-taking-revenue","Market Structure, Price Taking & Firm Revenue","6 legendary; 3 legendaryBoss","9","Legendary Mode","1","false"
"micro","concept","economic-costs","Economic Costs: Explicit, Implicit & Opportunity Cost","6 legendary; 3 legendaryBoss","9","Legendary Mode","1","false"
"macro","concept","long-run-macroeconomic-self-adjustment","Long-Run Macroeconomic Self-Adjustment","9 graphSafe","9","Trial by Graph","1","false"
"micro","concept","mcomp-advertising-nonprice","Advertising, Branding & Nonprice Competition","6 legendary; 3 legendaryBoss","9","Legendary Mode","1","false"
"micro","concept","mcomp-efficiency-variety-limits","Product Variety, Efficiency & Model Limits","6 legendary; 3 legendaryBoss","9","Legendary Mode","1","false"
"micro","concept","mcomp-structure-differentiation","Market Structure & Product Differentiation","6 legendary; 3 legendaryBoss","9","Legendary Mode","1","false"
"micro","concept","minimum-efficient-scale","Minimum Efficient Scale & Constant Returns to Scale","6 legendary; 3 legendaryBoss","9","Legendary Mode","1","false"
"micro","concept","monopoly-demand-revenue","Monopoly Demand, Revenue & Marginal Revenue","6 legendary; 3 legendaryBoss","9","Legendary Mode","1","false"
"micro","concept","monopoly-power-barriers","Monopoly Power, Barriers to Entry & Sources of Monopoly","6 legendary; 3 legendaryBoss","9","Legendary Mode","1","false"
"micro","concept","monopoly-power-barriers","Monopoly Power, Barriers to Entry & Sources of Monopoly","9 graphSafe","9","Trial by Graph","1","false"
"macro","concept","open-economy-policy-transmission","Open-Economy Policy and Macroeconomic Transmission","9 graphSafe","9","Trial by Graph","1","false"
"micro","concept","producer-surplus","Producer Surplus & Willingness to Accept","6 legendary; 3 legendaryBoss","9","Legendary Mode","1","false"
"micro","concept","trade-world-price-status","World Prices & Importer/Exporter Status","6 legendary; 3 legendaryBoss","9","Legendary Mode","1","false"
"macro","concept","trade-world-price-status","World Prices & Importer/Exporter Status","6 legendary; 3 legendaryBoss","9","Legendary Mode","1","false"
"micro","concept","applications-of-elasticity","Applications of Elasticity","10 graphSafe","10","Trial by Graph","1","false"
"macro","concept","bank-balance-sheets-reserves-and-capital","Bank Balance Sheets, Reserves, and Capital","10 graphSafe","10","Trial by Graph","1","false"
"macro","concept","budget-accounting-and-public-saving","Budget Accounting and Public Saving","10 graphSafe","10","Trial by Graph","1","false"
"macro","concept","capital-flows-and-net-capital-outflow","Capital Flows and Net Capital Outflow","10 graphSafe","10","Trial by Graph","1","false"
"macro","concept","central-bank-and-federal-reserve","Central Banking and the Federal Reserve","10 graphSafe","10","Trial by Graph","1","false"
"micro","concept","competitive-markets","Competitive Markets","10 graphSafe","10","Trial by Graph","1","false"
"macro","concept","competitive-markets","Competitive Markets","10 graphSafe","10","Trial by Graph","1","false"
"macro","concept","cpi-and-inflation-measurement","CPI and Inflation Measurement","10 graphSafe","10","Trial by Graph","1","false"
"macro","concept","cpi-bias","CPI Bias","10 graphSafe","10","Trial by Graph","1","false"
"macro","concept","cpi-versus-gdp-deflator","CPI versus GDP Deflator","10 graphSafe","10","Trial by Graph","1","false"
"micro","concept","cross-price-elasticity-of-demand","Cross-Price Elasticity of Demand","10 graphSafe","10","Trial by Graph","1","false"
"macro","concept","debt-measures-burden-and-fiscal-data","Debt Measures, Debt Burden, and Fiscal Data","10 graphSafe","10","Trial by Graph","1","false"
"macro","concept","deficits-debt-and-government-borrowing","Deficits, Debt, and Government Borrowing","10 graphSafe","10","Trial by Graph","1","false"
"macro","concept","deposit-creation-and-money-multiplier","Deposit Creation and the Money Multiplier","10 graphSafe","10","Trial by Graph","1","false"
"macro","concept","disinflation-and-policy","Disinflation and Policy","10 graphSafe","10","Trial by Graph","1","false"
"micro","concept","economic-costs","Economic Costs: Explicit, Implicit & Opportunity Cost","10 graphSafe","10","Trial by Graph","1","false"
"macro","concept","economic-growth-policy","Economic Growth Policy","10 graphSafe","10","Trial by Graph","1","false"
"micro","concept","economist-policy-role","Economists and Policy","10 graphSafe","10","Trial by Graph","1","false"
"macro","concept","economist-policy-role","Economists and Policy","10 graphSafe","10","Trial by Graph","1","false"
"micro","concept","efficiency-equity-surplus-limits","Efficiency, Equity & Limits of Surplus Analysis","10 graphSafe","10","Trial by Graph","1","false"
"macro","concept","fiscal-multipliers-and-crowding-out","Fiscal Multipliers and Crowding Out","10 graphSafe","10","Trial by Graph","1","false"
"macro","concept","fiscal-policy-and-aggregate-demand","Fiscal Policy and Aggregate Demand","10 graphSafe","10","Trial by Graph","1","false"
"macro","concept","fisher-effect","Fisher Effect","10 graphSafe","10","Trial by Graph","1","false"
"micro","concept","gains-from-trade","Comparative Advantage and Gains from Trade","10 graphSafe","10","Trial by Graph","1","false"
"macro","concept","gains-from-trade","Comparative Advantage and Gains from Trade","10 graphSafe","10","Trial by Graph","1","false"
"macro","concept","gdp-components","GDP Components","10 graphSafe","10","Trial by Graph","1","false"
"macro","concept","gdp-measurement","GDP Measurement","10 graphSafe","10","Trial by Graph","1","false"
"macro","family","gdp-national-income","GDP and national income","10 graphSafe","10","Trial by Graph","1","false"
"macro","family","growth-productivity","Economic growth and productivity","10 graphSafe","10","Trial by Graph","1","false"
"micro","concept","incentives","Incentives","10 graphSafe","10","Trial by Graph","1","false"
"macro","concept","incentives","Incentives","10 graphSafe","10","Trial by Graph","1","false"
"micro","concept","income-elasticity-of-demand","Income Elasticity of Demand","10 graphSafe","10","Trial by Graph","1","false"
"macro","concept","indexing-and-real-values","Indexing and Real Values","10 graphSafe","10","Trial by Graph","1","false"
"macro","concept","inflation-costs","Costs of Inflation","10 graphSafe","10","Trial by Graph","1","false"
"macro","family","inflation-real-values","Inflation measurement and real values","10 graphSafe","10","Trial by Graph","1","false"
"macro","concept","inflation-tax-and-deflation","Inflation Tax and Deflation","10 graphSafe","10","Trial by Graph","1","false"
"micro","concept","information-asymmetry-behavioral-and-political-economy","Information Asymmetry, Behavioral Economics, and Political Economy","10 graphSafe","10","Trial by Graph","1","false"
"macro","concept","international-transactions-and-identities","International Transactions and Open-Economy Identities","10 graphSafe","10","Trial by Graph","1","false"
"macro","concept","labor-market-institutions","Labor-Market Institutions","10 graphSafe","10","Trial by Graph","1","false"
"macro","concept","limits-of-gdp","Limits of GDP","10 graphSafe","10","Trial by Graph","1","false"
"macro","concept","living-standards-and-growth","Living Standards and Growth","10 graphSafe","10","Trial by Graph","1","false"
"micro","concept","marginal-analysis","Marginal Analysis","10 graphSafe","10","Trial by Graph","1","false"
"macro","concept","marginal-analysis","Marginal Analysis","10 graphSafe","10","Trial by Graph","1","false"
"micro","concept","mcomp-advertising-nonprice","Advertising, Branding & Nonprice Competition","10 graphSafe","10","Trial by Graph","1","false"
"micro","concept","mcomp-structure-differentiation","Market Structure & Product Differentiation","10 graphSafe","10","Trial by Graph","1","false"
"macro","concept","micro-versus-macro","Microeconomics versus Macroeconomics","10 graphSafe","10","Trial by Graph","1","false"
"macro","concept","models-and-assumptions","Models and Assumptions","10 graphSafe","10","Trial by Graph","1","false"
"macro","concept","monetary-control-limits","Limits of Monetary Control","10 graphSafe","10","Trial by Graph","1","false"
"macro","concept","monetary-neutrality","Monetary Neutrality","10 graphSafe","10","Trial by Graph","1","false"
"macro","concept","monetary-policy-tools","Monetary-Policy Tools","10 graphSafe","10","Trial by Graph","1","false"
"macro","family","money-banking-fed","Money, banking, and the Federal Reserve","10 graphSafe","10","Trial by Graph","1","false"
"macro","concept","money-functions-and-measures","Money Functions and Measures","10 graphSafe","10","Trial by Graph","1","false"
"macro","family","money-growth-inflation","Money growth, inflation, and neutrality","10 graphSafe","10","Trial by Graph","1","false"
"micro","concept","monopoly-price-discrimination","Price Discrimination","10 graphSafe","10","Trial by Graph","1","false"
"macro","concept","natural-rate-of-unemployment","Natural Rate of Unemployment","10 graphSafe","10","Trial by Graph","1","false"
"macro","concept","nominal-exchange-rates","Nominal Exchange Rates and Currency Values","10 graphSafe","10","Trial by Graph","1","false"
"micro","concept","oligopoly-collusion-cartels","Collusion, Cartels & Prisoner’s-Dilemma Incentives","10 graphSafe","10","Trial by Graph","1","false"
"micro","concept","oligopoly-dynamic-strategy","Dynamic Strategy: Repeated Games, Credibility & Entry Deterrence","10 graphSafe","10","Trial by Graph","1","false"
"micro","concept","oligopoly-structure-concentration","Oligopoly Structure, Strategic Interdependence & Concentration","10 graphSafe","10","Trial by Graph","1","false"
"micro","concept","oligopoly-welfare-policy","Oligopoly Welfare, Mergers & Antitrust Tradeoffs","10 graphSafe","10","Trial by Graph","1","false"
"macro","concept","opportunity-cost","Opportunity Cost","10 graphSafe","10","Trial by Graph","1","false"
"micro","concept","positive-versus-normative-analysis","Positive versus Normative Analysis","10 graphSafe","10","Trial by Graph","1","false"
"macro","concept","positive-versus-normative-analysis","Positive versus Normative Analysis","10 graphSafe","10","Trial by Graph","1","false"
"micro","concept","price-signals","Price Signals","10 graphSafe","10","Trial by Graph","1","false"
"macro","concept","productivity-measurement","Productivity Measurement","10 graphSafe","10","Trial by Graph","1","false"
"micro","concept","profit-concepts","Accounting, Economic & Normal Profit","10 graphSafe","10","Trial by Graph","1","false"
"macro","concept","quantity-theory-of-money","Quantity Theory of Money","10 graphSafe","10","Trial by Graph","1","false"
"macro","concept","real-exchange-rates-and-purchasing-power","Real Exchange Rates and Purchasing Power","10 graphSafe","10","Trial by Graph","1","false"
"macro","concept","real-versus-nominal-gdp","Real versus Nominal GDP","10 graphSafe","10","Trial by Graph","1","false"
"macro","concept","real-versus-nominal-interest-rates","Real versus Nominal Interest Rates","10 graphSafe","10","Trial by Graph","1","false"
"macro","concept","sacrifice-ratio","Sacrifice Ratio","10 graphSafe","10","Trial by Graph","1","false"
"macro","concept","saving-and-investment-identities","Saving, Investment, and National-Saving Identities","10 graphSafe","10","Trial by Graph","1","false"
"macro","concept","scarcity-and-tradeoffs","Scarcity and Tradeoffs","10 graphSafe","10","Trial by Graph","1","false"
"macro","concept","sources-of-productivity","Sources of Productivity","10 graphSafe","10","Trial by Graph","1","false"
"macro","concept","stabilization-policy","Stabilization Policy","10 graphSafe","10","Trial by Graph","1","false"
"micro","concept","sunk-avoidable-costs","Sunk & Avoidable Costs","10 graphSafe","10","Trial by Graph","1","false"
"micro","concept","trade-policy-efficiency-distribution","Trade-Policy Arguments, Efficiency & Distribution","10 graphSafe","10","Trial by Graph","1","false"
"macro","concept","trade-policy-efficiency-distribution","Trade-Policy Arguments, Efficiency & Distribution","10 graphSafe","10","Trial by Graph","1","false"
"macro","family","unemployment-labor","Unemployment and labor markets","10 graphSafe","10","Trial by Graph","1","false"
"macro","concept","unemployment-measurement","Unemployment Measurement","10 graphSafe","10","Trial by Graph","1","false"
"macro","concept","unemployment-types","Types of Unemployment","10 graphSafe","10","Trial by Graph","1","false"
