"area","kind","id","title","parentConceptId","discipline","readyModeCount","readyModes","blockedModes","easy","medium","hard","elite","legendary","easyBoss","mediumBoss","finalBoss","legendaryBoss","repair","bridge","graphSafe","fadingFortuneEligible","riskRewardEligible","minimumAdditionsByPool","issues"
"micro","concept","applications-of-elasticity","Applications of Elasticity","elasticity","micro","6","timed; quiz; unlimited; legendary; fadingFortune; riskReward","Standard Campaign; Exam Drill; Score Attack; Trial by Graph","10","22","9","7","10","1","4","8","13","6","10","0","58","58","easyBoss: 2; graphSafe: 10",""
"micro","concept","average-costs","Average Costs: AFC, AVC & ATC","costs-of-production","micro","6","timed; quiz; unlimited; trialGraph; fadingFortune; riskReward","Standard Campaign; Exam Drill; Legendary Mode; Score Attack","10","16","7","5","6","0","5","0","0","6","6","15","44","44","easyBoss: 3; finalBoss: 3; legendaryBoss: 3",""
"micro","concept","binding-price-ceilings","Price Ceilings","","general","6","timed; quiz; unlimited; trialGraph; fadingFortune; riskReward","Standard Campaign; Exam Drill; Legendary Mode; Score Attack","8","18","17","5","5","0","0","6","2","4","6","12","53","53","easyBoss: 3; mediumBoss: 3; legendary: 1; legendaryBoss: 1",""
"micro","concept","binding-price-floors","Price Floors","","general","6","timed; quiz; unlimited; trialGraph; fadingFortune; riskReward","Standard Campaign; Exam Drill; Legendary Mode; Score Attack","7","16","13","4","4","0","0","6","3","4","4","12","44","44","easyBoss: 3; mediumBoss: 3; legendary: 2",""
"micro","concept","competitive-efficiency-limits","Competitive Efficiency & Model Limits","perfect-competition","micro","4","quiz; legendary; fadingFortune; riskReward","Standard Campaign; Timed Trial; Exam Drill; Unlimited Practice; Score Attack; Trial by Graph","5","8","12","4","8","0","0","5","7","3","3","3","37","37","easy: 1; easyBoss: 3; mediumBoss: 3; graphSafe: 7",""
"micro","concept","competitive-entry-exit-long-run","Entry, Exit & Long-Run Equilibrium","perfect-competition","micro","6","timed; quiz; unlimited; trialGraph; fadingFortune; riskReward","Standard Campaign; Exam Drill; Legendary Mode; Score Attack","10","18","10","6","2","0","0","9","5","6","6","19","46","46","easyBoss: 3; mediumBoss: 3; legendary: 4",""
"micro","concept","competitive-industry-cost-conditions","Long-Run Industry Supply & Cost Conditions","perfect-competition","micro","4","quiz; legendary; fadingFortune; riskReward","Standard Campaign; Timed Trial; Exam Drill; Unlimited Practice; Score Attack; Trial by Graph","5","10","6","4","13","0","0","7","8","3","3","4","38","38","easy: 1; easyBoss: 3; mediumBoss: 3; graphSafe: 6",""
"micro","concept","competitive-market-price-taking-revenue","Market Structure, Price Taking & Firm Revenue","perfect-competition","micro","3","quiz; fadingFortune; riskReward","Standard Campaign; Timed Trial; Exam Drill; Unlimited Practice; Legendary Mode; Score Attack; Trial by Graph","15","12","5","0","0","10","0","0","0","6","6","8","32","32","hard: 1; mediumBoss: 3; finalBoss: 3; legendary: 6; legendaryBoss: 3; graphSafe: 2",""
"micro","concept","competitive-markets","Competitive Markets","","general","2","fadingFortune; riskReward","Standard Campaign; Timed Trial; Exam Drill; Quiz; Unlimited Practice; Legendary Mode; Score Attack; Trial by Graph","4","6","5","1","1","3","3","0","0","2","1","0","17","17","easy: 2; hard: 1; finalBoss: 3; legendary: 5; legendaryBoss: 3; graphSafe: 10",""
"micro","concept","competitive-output-choice","Profit-Maximizing Output & the MR = MC Rule","perfect-competition","micro","6","timed; quiz; unlimited; trialGraph; fadingFortune; riskReward","Standard Campaign; Exam Drill; Legendary Mode; Score Attack","13","23","14","26","0","8","0","1","7","6","6","19","76","76","mediumBoss: 3; finalBoss: 2; legendary: 6",""
"micro","concept","competitive-profit-loss","Profit, Loss & Break-Even","perfect-competition","micro","6","timed; quiz; unlimited; trialGraph; fadingFortune; riskReward","Standard Campaign; Exam Drill; Legendary Mode; Score Attack","10","27","7","1","6","2","5","0","2","6","6","18","51","51","easyBoss: 1; finalBoss: 3; legendaryBoss: 1",""
"micro","concept","competitive-short-run-supply","Short-Run Supply & Cost Shifts","perfect-competition","micro","5","timed; quiz; unlimited; fadingFortune; riskReward","Standard Campaign; Exam Drill; Legendary Mode; Score Attack; Trial by Graph","10","13","23","1","0","0","5","0","1","6","6","6","47","47","easyBoss: 3; finalBoss: 3; legendary: 6; legendaryBoss: 2; graphSafe: 4",""
"micro","concept","competitive-shutdown","Shutdown & Short-Run Loss Minimization","perfect-competition","micro","7","timed; quiz; unlimited; legendary; trialGraph; fadingFortune; riskReward","Standard Campaign; Exam Drill; Score Attack","10","13","21","2","10","0","10","0","6","6","6","25","56","56","easyBoss: 3; finalBoss: 3",""
"micro","concept","consumer-and-producer-surplus","Consumer and Producer Surplus","","micro","10","standard; timed; exam; quiz; unlimited; legendary; score; trialGraph; fadingFortune; riskReward","","65","92","95","15","17","18","18","18","35","30","38","46","284","284","",""
"micro","concept","consumer-choice","Consumer Choice","","micro","9","standard; timed; exam; quiz; unlimited; score; trialGraph; fadingFortune; riskReward","Legendary Mode","39","72","9","2","0","6","6","6","6","6","6","24","122","122","legendary: 6",""
"micro","concept","consumer-surplus","Consumer Surplus & Willingness to Pay","consumer-and-producer-surplus","micro","6","timed; quiz; unlimited; trialGraph; fadingFortune; riskReward","Standard Campaign; Exam Drill; Legendary Mode; Score Attack","15","12","9","0","2","6","4","0","1","6","6","11","38","38","finalBoss: 3; legendary: 4; legendaryBoss: 2",""
"micro","concept","cost-components-schedules","Cost Components & Cost Schedules","costs-of-production","micro","6","timed; quiz; unlimited; legendary; fadingFortune; riskReward","Standard Campaign; Exam Drill; Score Attack; Trial by Graph","10","13","11","1","6","0","2","0","12","6","6","8","41","41","easyBoss: 3; mediumBoss: 1; finalBoss: 3; graphSafe: 2",""
"micro","concept","costs-of-production","Costs of Production","","micro","10","standard; timed; exam; quiz; unlimited; legendary; score; trialGraph; fadingFortune; riskReward","","92","150","100","24","52","20","20","20","36","51","53","83","418","418","",""
"micro","concept","cross-price-elasticity-of-demand","Cross-Price Elasticity of Demand","elasticity","micro","2","fadingFortune; riskReward","Standard Campaign; Timed Trial; Exam Drill; Quiz; Unlimited Practice; Legendary Mode; Score Attack; Trial by Graph","5","23","0","0","3","2","2","1","2","3","3","0","31","31","easy: 1; hard: 6; easyBoss: 1; mediumBoss: 1; finalBoss: 2; legendary: 3; legendaryBoss: 1; graphSafe: 10",""
"micro","concept","demand","Demand","","general","9","standard; timed; exam; quiz; unlimited; score; trialGraph; fadingFortune; riskReward","Legendary Mode","11","19","14","8","1","3","3","3","2","4","6","25","53","53","legendary: 5; legendaryBoss: 1",""
"micro","concept","economic-costs","Economic Costs: Explicit, Implicit & Opportunity Cost","costs-of-production","micro","2","fadingFortune; riskReward","Standard Campaign; Timed Trial; Exam Drill; Quiz; Unlimited Practice; Legendary Mode; Score Attack; Trial by Graph","5","10","1","0","0","2","0","0","0","3","3","0","16","16","easy: 1; hard: 5; easyBoss: 1; mediumBoss: 3; finalBoss: 3; legendary: 6; legendaryBoss: 3; graphSafe: 10",""
"micro","concept","economist-policy-role","Economists and Policy","","general","9","standard; timed; exam; quiz; unlimited; legendary; score; fadingFortune; riskReward","Trial by Graph","8","9","8","2","10","3","3","3","4","6","4","0","37","37","graphSafe: 10",""
"micro","concept","efficiency-equity-surplus-limits","Efficiency, Equity & Limits of Surplus Analysis","consumer-and-producer-surplus","micro","4","quiz; legendary; fadingFortune; riskReward","Standard Campaign; Timed Trial; Exam Drill; Unlimited Practice; Score Attack; Trial by Graph","7","7","5","1","6","1","1","2","4","3","3","0","26","26","hard: 1; easyBoss: 2; mediumBoss: 2; finalBoss: 1; graphSafe: 10",""
"micro","concept","efficient-quantity-allocation","Efficient Quantity & Allocation","consumer-and-producer-surplus","micro","8","standard; timed; exam; quiz; unlimited; score; fadingFortune; riskReward","Legendary Mode; Trial by Graph","10","31","28","9","1","3","5","7","13","6","6","8","79","79","legendary: 5; graphSafe: 2",""
"micro","concept","elasticity","Elasticity","","micro","10","standard; timed; exam; quiz; unlimited; legendary; score; trialGraph; fadingFortune; riskReward","","64","134","93","13","26","20","20","20","35","34","36","43","330","330","",""
"micro","concept","elasticity-and-total-revenue","Elasticity and Total Revenue","elasticity","micro","9","standard; timed; exam; quiz; unlimited; score; trialGraph; fadingFortune; riskReward","Legendary Mode","10","13","15","3","5","3","5","3","2","6","6","10","46","46","legendary: 1; legendaryBoss: 1",""
"micro","concept","externalities","Externalities","","micro","6","timed; quiz; unlimited; trialGraph; fadingFortune; riskReward","Standard Campaign; Exam Drill; Legendary Mode; Score Attack","26","68","54","13","11","1","1","0","0","2","1","104","172","172","easyBoss: 2; mediumBoss: 2; finalBoss: 3; legendaryBoss: 3",""
"micro","concept","factor-markets","Factor Markets","","micro","9","standard; timed; exam; quiz; unlimited; score; trialGraph; fadingFortune; riskReward","Legendary Mode","46","125","29","4","0","6","6","6","6","6","6","41","204","204","legendary: 6",""
"micro","concept","gains-from-trade","Comparative Advantage and Gains from Trade","","general","9","standard; timed; exam; quiz; unlimited; legendary; score; fadingFortune; riskReward","Trial by Graph","6","25","16","4","16","5","5","5","9","8","6","0","67","67","graphSafe: 10",""
"micro","concept","import-quotas-quota-rents","Import Quotas, Quota Rents & Tariff–Quota Comparison","international-trade-and-trade-policy","general","6","timed; quiz; unlimited; trialGraph; fadingFortune; riskReward","Standard Campaign; Exam Drill; Legendary Mode; Score Attack","10","13","9","5","6","0","0","8","0","6","6","15","43","43","easyBoss: 3; mediumBoss: 3; legendaryBoss: 3",""
"micro","concept","incentives","Incentives","","general","9","standard; timed; exam; quiz; unlimited; legendary; score; fadingFortune; riskReward","Trial by Graph","10","14","20","3","14","4","4","4","9","7","5","0","61","61","graphSafe: 10",""
"micro","concept","income-elasticity-of-demand","Income Elasticity of Demand","elasticity","micro","2","fadingFortune; riskReward","Standard Campaign; Timed Trial; Exam Drill; Quiz; Unlimited Practice; Legendary Mode; Score Attack; Trial by Graph","5","21","0","0","1","2","1","1","1","3","3","0","27","27","easy: 1; hard: 6; easyBoss: 1; mediumBoss: 2; finalBoss: 2; legendary: 5; legendaryBoss: 2; graphSafe: 10",""
"micro","concept","income-inequality-poverty-and-redistribution","Income Inequality, Poverty, and Redistribution","","micro","9","standard; timed; exam; quiz; unlimited; score; trialGraph; fadingFortune; riskReward","Legendary Mode","35","73","13","3","0","6","6","6","6","6","6","21","124","124","legendary: 6",""
"micro","concept","information-asymmetry-behavioral-and-political-economy","Information Asymmetry, Behavioral Economics, and Political Economy","","micro","8","standard; timed; exam; quiz; unlimited; score; fadingFortune; riskReward","Legendary Mode; Trial by Graph","38","76","29","1","0","4","6","8","6","6","6","0","144","144","legendary: 6; graphSafe: 10",""
"micro","concept","integrated-economic-analysis","Integrated Economic Analysis","","micro","0","","Standard Campaign; Timed Trial; Exam Drill; Quiz; Unlimited Practice; Legendary Mode; Score Attack; Trial by Graph; Fading Fortune; Risk & Reward","0","0","0","4","5","8","11","6","10","6","6","0","9","9","easy: 6; medium: 6; hard: 6; legendary: 1; graphSafe: 10; fadingFortuneEligible: 1; riskRewardEligible: 1",""
"micro","concept","international-trade-and-trade-policy","International Trade and Trade Policy","","micro","10","standard; timed; exam; quiz; unlimited; legendary; score; trialGraph; fadingFortune; riskReward","","56","66","71","38","100","20","19","19","36","30","32","53","331","331","",""
"micro","concept","long-run-average-cost-scale","LRAC, Economies & Diseconomies of Scale","costs-of-production","micro","5","timed; quiz; unlimited; fadingFortune; riskReward","Standard Campaign; Exam Drill; Legendary Mode; Score Attack; Trial by Graph","11","22","10","3","7","0","0","6","0","6","6","9","53","53","easyBoss: 3; mediumBoss: 3; legendaryBoss: 3; graphSafe: 1",""
"micro","concept","marginal-analysis","Marginal Analysis","","general","9","standard; timed; exam; quiz; unlimited; legendary; score; fadingFortune; riskReward","Trial by Graph","11","17","21","4","16","5","5","5","9","8","6","0","69","69","graphSafe: 10",""
"micro","concept","marginal-cost-production-linkages","Marginal Cost & Production–Cost Linkages","costs-of-production","micro","5","timed; quiz; unlimited; fadingFortune; riskReward","Standard Campaign; Exam Drill; Legendary Mode; Score Attack; Trial by Graph","10","18","7","1","2","0","2","3","0","6","7","6","38","38","easyBoss: 3; mediumBoss: 1; legendary: 4; legendaryBoss: 3; graphSafe: 4",""
"micro","concept","market-equilibrium","Market Equilibrium","","general","10","standard; timed; exam; quiz; unlimited; legendary; score; trialGraph; fadingFortune; riskReward","","8","20","22","13","12","3","6","3","3","3","4","38","75","75","",""
"micro","concept","market-power","Market Power","","micro","0","","Standard Campaign; Timed Trial; Exam Drill; Quiz; Unlimited Practice; Legendary Mode; Score Attack; Trial by Graph; Fading Fortune; Risk & Reward","2","2","1","0","2","0","1","0","0","1","0","0","7","7","easy: 4; medium: 4; hard: 5; easyBoss: 3; mediumBoss: 2; finalBoss: 3; bridge: 1; legendary: 4; legendaryBoss: 3; graphSafe: 10; fadingFortuneEligible: 3; riskRewardEligible: 3",""
"micro","concept","mcomp-advertising-nonprice","Advertising, Branding & Nonprice Competition","monopolistic-competition","micro","5","timed; quiz; unlimited; fadingFortune; riskReward","Standard Campaign; Exam Drill; Legendary Mode; Score Attack; Trial by Graph","10","24","20","0","0","0","0","10","0","6","6","0","54","54","easyBoss: 3; mediumBoss: 3; legendary: 6; legendaryBoss: 3; graphSafe: 10",""
"micro","concept","mcomp-efficiency-variety-limits","Product Variety, Efficiency & Model Limits","monopolistic-competition","micro","2","fadingFortune; riskReward","Standard Campaign; Timed Trial; Exam Drill; Quiz; Unlimited Practice; Legendary Mode; Score Attack; Trial by Graph","3","8","16","6","0","0","0","8","0","3","3","4","33","33","easy: 3; easyBoss: 3; mediumBoss: 3; legendary: 6; legendaryBoss: 3; graphSafe: 6",""
"micro","concept","mcomp-entry-exit-long-run","Entry, Exit & Long-Run Equilibrium","monopolistic-competition","micro","7","timed; quiz; unlimited; legendary; trialGraph; fadingFortune; riskReward","Standard Campaign; Exam Drill; Score Attack","19","49","28","14","20","1","19","1","12","8","7","40","130","130","easyBoss: 2; finalBoss: 2",""
"micro","concept","mcomp-short-run-choice","Short-Run Firm Choice, Profit/Loss & Shutdown","monopolistic-competition","micro","6","timed; quiz; unlimited; legendary; fadingFortune; riskReward","Standard Campaign; Exam Drill; Score Attack; Trial by Graph","12","11","20","14","20","12","0","0","24","6","6","7","77","77","mediumBoss: 3; finalBoss: 3; graphSafe: 3",""
"micro","concept","mcomp-structure-differentiation","Market Structure & Product Differentiation","monopolistic-competition","micro","2","fadingFortune; riskReward","Standard Campaign; Timed Trial; Exam Drill; Quiz; Unlimited Practice; Legendary Mode; Score Attack; Trial by Graph","11","5","4","0","0","6","0","0","0","3","4","0","20","20","medium: 1; hard: 2; mediumBoss: 3; finalBoss: 3; legendary: 6; legendaryBoss: 3; graphSafe: 10",""
"micro","concept","minimum-efficient-scale","Minimum Efficient Scale & Constant Returns to Scale","costs-of-production","micro","3","quiz; fadingFortune; riskReward","Standard Campaign; Timed Trial; Exam Drill; Unlimited Practice; Legendary Mode; Score Attack; Trial by Graph","5","12","5","1","0","0","0","5","0","3","3","2","23","23","easy: 1; hard: 1; easyBoss: 3; mediumBoss: 3; legendary: 6; legendaryBoss: 3; graphSafe: 8",""
"micro","concept","monopolistic-competition","Monopolistic Competition","","micro","10","standard; timed; exam; quiz; unlimited; legendary; score; trialGraph; fadingFortune; riskReward","","55","97","88","34","40","19","19","19","36","26","26","51","314","314","",""
"micro","concept","monopoly","Monopoly","","micro","10","standard; timed; exam; quiz; unlimited; legendary; score; trialGraph; fadingFortune; riskReward","","68","105","90","53","36","19","19","20","36","39","39","62","352","352","",""
"micro","concept","monopoly-demand-revenue","Monopoly Demand, Revenue & Marginal Revenue","monopoly","micro","5","timed; quiz; unlimited; fadingFortune; riskReward","Standard Campaign; Exam Drill; Legendary Mode; Score Attack; Trial by Graph","10","17","12","11","0","6","0","0","0","6","6","3","50","50","mediumBoss: 3; finalBoss: 3; legendary: 6; legendaryBoss: 3; graphSafe: 7",""
"micro","concept","monopoly-output-price","Profit-Maximizing Output & Monopoly Price","monopoly","micro","7","timed; quiz; unlimited; legendary; trialGraph; fadingFortune; riskReward","Standard Campaign; Exam Drill; Score Attack","12","9","18","12","8","12","0","0","12","6","6","11","59","59","mediumBoss: 3; finalBoss: 3",""
"micro","concept","monopoly-power-barriers","Monopoly Power, Barriers to Entry & Sources of Monopoly","monopoly","micro","3","quiz; fadingFortune; riskReward","Standard Campaign; Timed Trial; Exam Drill; Unlimited Practice; Legendary Mode; Score Attack; Trial by Graph","6","5","5","0","0","0","0","0","0","3","3","1","16","16","medium: 1; hard: 1; easyBoss: 3; mediumBoss: 3; finalBoss: 3; legendary: 6; legendaryBoss: 3; graphSafe: 9",""
"micro","concept","monopoly-price-discrimination","Price Discrimination","monopoly","micro","5","timed; quiz; unlimited; fadingFortune; riskReward","Standard Campaign; Exam Drill; Legendary Mode; Score Attack; Trial by Graph","10","20","10","4","5","0","0","6","0","6","6","0","49","49","easyBoss: 3; mediumBoss: 3; legendary: 1; legendaryBoss: 3; graphSafe: 10",""
"micro","concept","monopoly-profit-loss-shutdown","Monopoly Profit, Loss & Shutdown","monopoly","micro","6","timed; quiz; unlimited; trialGraph; fadingFortune; riskReward","Standard Campaign; Exam Drill; Legendary Mode; Score Attack","10","13","13","13","5","1","19","0","12","6","6","15","54","54","easyBoss: 2; finalBoss: 3; legendary: 1",""
"micro","concept","monopoly-welfare-efficiency","Monopoly Welfare, Efficiency & Competitive Comparison","monopoly","micro","7","timed; quiz; unlimited; legendary; trialGraph; fadingFortune; riskReward","Standard Campaign; Exam Drill; Score Attack","10","25","17","7","7","0","0","7","12","6","6","18","66","66","easyBoss: 3; mediumBoss: 3",""
"micro","concept","natural-monopoly-regulation","Natural Monopoly & Regulation","monopoly","micro","6","timed; quiz; unlimited; trialGraph; fadingFortune; riskReward","Standard Campaign; Exam Drill; Legendary Mode; Score Attack","10","16","15","6","11","0","0","7","0","6","6","14","58","58","easyBoss: 3; mediumBoss: 3; legendaryBoss: 3",""
"micro","concept","oligopoly","Oligopoly","","micro","10","standard; timed; exam; quiz; unlimited; legendary; score; trialGraph; fadingFortune; riskReward","","50","85","78","28","53","18","18","18","36","30","31","51","294","294","",""
"micro","concept","oligopoly-collusion-cartels","Collusion, Cartels & Prisoner’s-Dilemma Incentives","oligopoly","micro","6","timed; quiz; unlimited; legendary; fadingFortune; riskReward","Standard Campaign; Exam Drill; Score Attack; Trial by Graph","10","14","12","0","6","0","8","0","7","6","7","0","42","42","easyBoss: 3; finalBoss: 3; graphSafe: 10",""
"micro","concept","oligopoly-dynamic-strategy","Dynamic Strategy: Repeated Games, Credibility & Entry Deterrence","oligopoly","micro","4","quiz; legendary; fadingFortune; riskReward","Standard Campaign; Timed Trial; Exam Drill; Unlimited Practice; Score Attack; Trial by Graph","5","5","9","12","22","0","7","8","11","3","3","0","53","53","easy: 1; medium: 1; easyBoss: 3; graphSafe: 10",""
"micro","concept","oligopoly-game-theory-foundations","Game Theory Foundations: Payoff Matrices, Best Responses & Nash Equilibrium","oligopoly","micro","6","timed; quiz; unlimited; trialGraph; fadingFortune; riskReward","Standard Campaign; Exam Drill; Legendary Mode; Score Attack","10","20","24","12","4","15","0","0","9","6","6","48","70","70","mediumBoss: 3; finalBoss: 3; legendary: 2",""
"micro","concept","oligopoly-rivalry-coordination","Tacit Coordination, Price Leadership & Nonprice Competition","oligopoly","micro","3","quiz; fadingFortune; riskReward","Standard Campaign; Timed Trial; Exam Drill; Unlimited Practice; Legendary Mode; Score Attack; Trial by Graph","5","6","5","0","10","0","3","2","0","3","3","3","26","26","easy: 1; hard: 1; easyBoss: 3; finalBoss: 1; legendaryBoss: 3; graphSafe: 7",""
"micro","concept","oligopoly-structure-concentration","Oligopoly Structure, Strategic Interdependence & Concentration","oligopoly","micro","5","timed; quiz; unlimited; fadingFortune; riskReward","Standard Campaign; Exam Drill; Legendary Mode; Score Attack; Trial by Graph","10","25","14","0","0","3","0","0","5","6","6","0","49","49","mediumBoss: 3; finalBoss: 3; legendary: 6; graphSafe: 10",""
"micro","concept","oligopoly-welfare-policy","Oligopoly Welfare, Mergers & Antitrust Tradeoffs","oligopoly","micro","6","timed; quiz; unlimited; legendary; fadingFortune; riskReward","Standard Campaign; Exam Drill; Score Attack; Trial by Graph","10","15","14","4","11","0","0","8","4","6","6","0","54","54","easyBoss: 3; mediumBoss: 3; graphSafe: 10",""
"micro","concept","perfect-competition","Perfect Competition","","micro","10","standard; timed; exam; quiz; unlimited; legendary; score; trialGraph; fadingFortune; riskReward","","78","124","98","44","39","20","20","22","36","42","42","102","383","383","",""
"micro","concept","positive-versus-normative-analysis","Positive versus Normative Analysis","","general","9","standard; timed; exam; quiz; unlimited; legendary; score; fadingFortune; riskReward","Trial by Graph","8","10","8","2","10","3","3","3","3","6","4","0","38","38","graphSafe: 10",""
"micro","concept","price-elasticity-of-demand","Price Elasticity of Demand","elasticity","micro","9","standard; timed; exam; quiz; unlimited; score; trialGraph; fadingFortune; riskReward","Legendary Mode","24","36","52","2","5","10","6","5","13","10","8","25","119","119","legendary: 1",""
"micro","concept","price-elasticity-of-supply","Price Elasticity of Supply","elasticity","micro","5","timed; quiz; unlimited; fadingFortune; riskReward","Standard Campaign; Exam Drill; Legendary Mode; Score Attack; Trial by Graph","10","19","17","1","2","2","2","2","4","6","6","8","49","49","easyBoss: 1; mediumBoss: 1; finalBoss: 1; legendary: 4; graphSafe: 2",""
"micro","concept","price-signals","Price Signals","","micro","2","fadingFortune; riskReward","Standard Campaign; Timed Trial; Exam Drill; Quiz; Unlimited Practice; Legendary Mode; Score Attack; Trial by Graph","4","7","4","1","1","0","3","3","0","2","1","0","17","17","easy: 2; hard: 2; easyBoss: 3; legendary: 5; legendaryBoss: 3; graphSafe: 10",""
"micro","concept","producer-surplus","Producer Surplus & Willingness to Accept","consumer-and-producer-surplus","micro","6","timed; quiz; unlimited; trialGraph; fadingFortune; riskReward","Standard Campaign; Exam Drill; Legendary Mode; Score Attack","16","11","11","1","0","6","4","0","0","6","6","11","39","39","finalBoss: 3; legendary: 6; legendaryBoss: 3",""
"micro","concept","production-possibilities-frontier","Production Possibilities Frontier","","general","10","standard; timed; exam; quiz; unlimited; legendary; score; trialGraph; fadingFortune; riskReward","","11","22","17","1","10","3","3","3","5","7","8","29","61","61","",""
"micro","concept","profit-concepts","Accounting, Economic & Normal Profit","costs-of-production","micro","6","timed; quiz; unlimited; legendary; fadingFortune; riskReward","Standard Campaign; Exam Drill; Score Attack; Trial by Graph","12","10","18","3","12","3","0","0","12","6","6","0","55","55","mediumBoss: 3; finalBoss: 3; graphSafe: 10",""
"micro","concept","public-goods-and-common-resources","Public Goods and Common Resources","","micro","10","standard; timed; exam; quiz; unlimited; legendary; score; trialGraph; fadingFortune; riskReward","","43","60","29","8","6","4","5","4","6","5","6","29","146","146","",""
"micro","concept","short-run-cost-curves","Short-Run Cost Curves: Relationships & Shifts","costs-of-production","micro","7","timed; quiz; unlimited; legendary; trialGraph; fadingFortune; riskReward","Standard Campaign; Exam Drill; Score Attack","11","25","20","7","11","2","10","3","12","6","7","24","74","74","easyBoss: 1",""
"micro","concept","short-run-production","Short-Run Production & Diminishing Marginal Product","costs-of-production","micro","6","timed; quiz; unlimited; trialGraph; fadingFortune; riskReward","Standard Campaign; Exam Drill; Legendary Mode; Score Attack","13","16","16","1","7","13","1","1","0","6","6","19","53","53","mediumBoss: 2; finalBoss: 2; legendaryBoss: 3",""
"micro","concept","statutory-versus-economic-tax-incidence","Statutory versus Economic Tax Incidence","","general","2","fadingFortune; riskReward","Standard Campaign; Timed Trial; Exam Drill; Quiz; Unlimited Practice; Legendary Mode; Score Attack; Trial by Graph","2","6","5","2","2","0","0","3","3","0","2","7","17","17","easy: 4; hard: 1; easyBoss: 3; mediumBoss: 3; repair: 1; legendary: 4; graphSafe: 3",""
"micro","concept","sunk-avoidable-costs","Sunk & Avoidable Costs","costs-of-production","micro","3","quiz; fadingFortune; riskReward","Standard Campaign; Timed Trial; Exam Drill; Unlimited Practice; Legendary Mode; Score Attack; Trial by Graph","5","8","5","2","1","0","0","2","0","3","3","0","21","21","easy: 1; hard: 1; easyBoss: 3; mediumBoss: 3; finalBoss: 1; legendary: 5; legendaryBoss: 3; graphSafe: 10",""
"micro","concept","supply","Supply","","general","10","standard; timed; exam; quiz; unlimited; legendary; score; trialGraph; fadingFortune; riskReward","","9","17","11","5","7","3","3","3","3","4","4","23","49","49","",""
"micro","concept","surplus-changes-policy-effects","Changes in Surplus & Policy Effects","consumer-and-producer-surplus","micro","4","quiz; legendary; fadingFortune; riskReward","Standard Campaign; Timed Trial; Exam Drill; Unlimited Practice; Score Attack; Trial by Graph","5","17","13","2","6","0","1","4","8","3","11","2","43","43","easy: 1; easyBoss: 3; mediumBoss: 2; graphSafe: 8",""
"micro","concept","tariffs-revenue-deadweight-loss","Tariffs, Revenue & Deadweight Loss","international-trade-and-trade-policy","general","7","timed; quiz; unlimited; legendary; trialGraph; fadingFortune; riskReward","Standard Campaign; Exam Drill; Score Attack","10","12","16","10","24","0","1","7","12","6","6","15","72","72","easyBoss: 3; mediumBoss: 2",""
"micro","concept","tax-incidence","Tax Incidence","","general","3","quiz; fadingFortune; riskReward","Standard Campaign; Timed Trial; Exam Drill; Unlimited Practice; Legendary Mode; Score Attack; Trial by Graph","5","11","15","7","5","0","0","3","3","2","2","6","43","43","easy: 1; easyBoss: 3; mediumBoss: 3; legendary: 1; graphSafe: 4",""
"micro","concept","tax-wedges-and-revenue","Tax Wedges and Revenue","","micro","4","quiz; trialGraph; fadingFortune; riskReward","Standard Campaign; Timed Trial; Exam Drill; Unlimited Practice; Legendary Mode; Score Attack","5","25","11","3","3","0","0","3","3","2","2","22","47","47","easy: 1; easyBoss: 3; mediumBoss: 3; legendary: 3",""
"micro","concept","total-surplus-gains-from-exchange","Total Surplus & Gains from Exchange","consumer-and-producer-surplus","micro","6","timed; quiz; unlimited; trialGraph; fadingFortune; riskReward","Standard Campaign; Exam Drill; Legendary Mode; Score Attack","12","14","29","2","2","2","3","5","9","6","6","14","59","59","easyBoss: 1; legendary: 4",""
"micro","concept","trade-domestic-production-consumption-quantities","Domestic Production, Consumption & Trade Quantities","international-trade-and-trade-policy","micro","5","timed; quiz; unlimited; fadingFortune; riskReward","Standard Campaign; Exam Drill; Legendary Mode; Score Attack; Trial by Graph","10","12","6","6","20","12","2","0","0","6","6","8","54","54","mediumBoss: 1; finalBoss: 3; legendaryBoss: 3; graphSafe: 2",""
"micro","concept","trade-gains-surplus-winners-losers","Gains from Trade, Surplus & Winners/Losers","international-trade-and-trade-policy","micro","7","timed; quiz; unlimited; legendary; trialGraph; fadingFortune; riskReward","Standard Campaign; Exam Drill; Score Attack","16","11","27","6","24","4","14","0","24","6","6","11","84","84","finalBoss: 3",""
"micro","concept","trade-policy-efficiency-distribution","Trade-Policy Arguments, Efficiency & Distribution","international-trade-and-trade-policy","general","3","quiz; fadingFortune; riskReward","Standard Campaign; Timed Trial; Exam Drill; Unlimited Practice; Legendary Mode; Score Attack; Trial by Graph","5","6","9","7","26","0","2","4","0","3","3","0","53","53","easy: 1; easyBoss: 3; mediumBoss: 1; legendaryBoss: 3; graphSafe: 10",""
"micro","concept","trade-world-price-status","World Prices & Importer/Exporter Status","international-trade-and-trade-policy","general","2","fadingFortune; riskReward","Standard Campaign; Timed Trial; Exam Drill; Quiz; Unlimited Practice; Legendary Mode; Score Attack; Trial by Graph","5","12","4","4","0","4","0","0","0","3","5","4","25","25","easy: 1; hard: 2; mediumBoss: 3; finalBoss: 3; legendary: 6; legendaryBoss: 3; graphSafe: 6",""
"micro","family","micro-foundations","Micro foundations and economic reasoning","","","10","standard; timed; exam; quiz; unlimited; legendary; score; trialGraph; fadingFortune; riskReward","","48","72","74","16","65","26","29","24","40","40","33","29","275","275","",""
"micro","family","markets-equilibrium","Markets, demand, supply, and equilibrium","","","10","standard; timed; exam; quiz; unlimited; legendary; score; trialGraph; fadingFortune; riskReward","","36","69","56","28","22","12","18","12","8","15","16","86","211","211","",""
"micro","family","elasticity","Elasticity","","","10","standard; timed; exam; quiz; unlimited; legendary; score; trialGraph; fadingFortune; riskReward","","64","134","93","13","26","20","20","20","35","34","36","43","330","330","",""
"micro","family","welfare-surplus","Welfare, efficiency, and surplus","","","10","standard; timed; exam; quiz; unlimited; legendary; score; trialGraph; fadingFortune; riskReward","","65","92","95","15","17","18","18","18","35","30","38","46","284","284","",""
"micro","family","policy-market-failure","Policy, market failure, and public goods","","","10","standard; timed; exam; quiz; unlimited; legendary; score; trialGraph; fadingFortune; riskReward","","98","206","145","42","38","5","7","25","20","20","23","192","529","529","",""
"micro","family","international-trade","International trade and trade policy","","","10","standard; timed; exam; quiz; unlimited; legendary; score; trialGraph; fadingFortune; riskReward","","62","91","87","42","116","25","24","24","45","38","38","53","398","398","",""
"micro","family","costs-production","Costs of production","","","10","standard; timed; exam; quiz; unlimited; legendary; score; trialGraph; fadingFortune; riskReward","","92","150","100","24","52","20","20","20","36","51","53","83","418","418","",""
"micro","family","perfect-competition","Perfect competition","","","10","standard; timed; exam; quiz; unlimited; legendary; score; trialGraph; fadingFortune; riskReward","","78","124","98","44","39","20","20","22","36","42","42","102","383","383","",""
"micro","family","monopoly","Monopoly","","","10","standard; timed; exam; quiz; unlimited; legendary; score; trialGraph; fadingFortune; riskReward","","68","105","90","53","36","19","19","20","36","39","39","62","352","352","",""
"micro","family","monopolistic-competition","Monopolistic competition","","","10","standard; timed; exam; quiz; unlimited; legendary; score; trialGraph; fadingFortune; riskReward","","55","97","88","34","40","19","19","19","36","26","26","51","314","314","",""
"micro","family","oligopoly","Oligopoly and game theory","","","10","standard; timed; exam; quiz; unlimited; legendary; score; trialGraph; fadingFortune; riskReward","","50","85","78","28","53","18","18","18","36","30","31","51","294","294","",""
"micro","family","people-institutions","Consumers, factor markets, and distribution","","","9","standard; timed; exam; quiz; unlimited; score; trialGraph; fadingFortune; riskReward","Legendary Mode","158","346","80","10","0","22","24","26","24","24","24","86","594","594","legendary: 6",""
"micro","course","micro","micro","","","10","standard; timed; exam; quiz; unlimited; legendary; score; trialGraph; fadingFortune; riskReward","","874","1571","1084","349","504","224","236","248","387","389","399","884","4382","4382","",""
"macro","concept","ad-as-equilibrium-and-output-gaps","AD-AS Equilibrium and Output Gaps","","macro","2","fadingFortune; riskReward","Standard Campaign; Timed Trial; Exam Drill; Quiz; Unlimited Practice; Legendary Mode; Score Attack; Trial by Graph","9","8","3","0","0","2","0","1","1","5","1","7","20","20","hard: 3; easyBoss: 1; mediumBoss: 3; finalBoss: 2; legendary: 6; legendaryBoss: 2; graphSafe: 3",""
"macro","concept","aggregate-demand","Aggregate Demand","","macro","9","standard; timed; exam; quiz; unlimited; score; trialGraph; fadingFortune; riskReward","Legendary Mode","8","17","8","4","4","3","3","3","3","5","2","12","41","41","legendary: 2",""
"macro","concept","bank-balance-sheets-reserves-and-capital","Bank Balance Sheets, Reserves, and Capital","","macro","5","timed; quiz; unlimited; fadingFortune; riskReward","Standard Campaign; Exam Drill; Legendary Mode; Score Attack; Trial by Graph","9","11","14","3","0","1","2","2","2","5","4","0","37","37","easyBoss: 2; mediumBoss: 1; finalBoss: 1; legendary: 6; legendaryBoss: 1; graphSafe: 10",""
"macro","concept","binding-price-ceilings","Price Ceilings","","general","6","timed; quiz; unlimited; trialGraph; fadingFortune; riskReward","Standard Campaign; Exam Drill; Legendary Mode; Score Attack","8","18","17","5","5","0","0","6","2","4","6","12","53","53","easyBoss: 3; mediumBoss: 3; legendary: 1; legendaryBoss: 1",""
"macro","concept","binding-price-floors","Price Floors","","general","6","timed; quiz; unlimited; trialGraph; fadingFortune; riskReward","Standard Campaign; Exam Drill; Legendary Mode; Score Attack","7","16","13","4","4","0","0","6","3","4","4","12","44","44","easyBoss: 3; mediumBoss: 3; legendary: 2",""
"macro","concept","budget-accounting-and-public-saving","Budget Accounting and Public Saving","","macro","2","fadingFortune; riskReward","Standard Campaign; Timed Trial; Exam Drill; Quiz; Unlimited Practice; Legendary Mode; Score Attack; Trial by Graph","8","13","1","2","1","2","2","1","1","4","3","0","25","25","hard: 5; easyBoss: 1; mediumBoss: 1; finalBoss: 2; legendary: 5; legendaryBoss: 2; graphSafe: 10",""
"macro","concept","capital-flows-and-net-capital-outflow","Capital Flows and Net Capital Outflow","","macro","8","standard; timed; exam; quiz; unlimited; score; fadingFortune; riskReward","Legendary Mode; Trial by Graph","6","9","6","1","4","3","3","3","3","1","1","0","26","26","legendary: 2; graphSafe: 10",""
"macro","concept","central-bank-and-federal-reserve","Central Banking and the Federal Reserve","","macro","8","standard; timed; exam; quiz; unlimited; score; fadingFortune; riskReward","Legendary Mode; Trial by Graph","10","7","10","0","0","4","3","3","3","8","3","0","27","27","legendary: 6; graphSafe: 10",""
"macro","concept","competitive-markets","Competitive Markets","","general","2","fadingFortune; riskReward","Standard Campaign; Timed Trial; Exam Drill; Quiz; Unlimited Practice; Legendary Mode; Score Attack; Trial by Graph","4","6","5","1","1","3","3","0","0","2","1","0","17","17","easy: 2; hard: 1; finalBoss: 3; legendary: 5; legendaryBoss: 3; graphSafe: 10",""
"macro","concept","cpi-and-inflation-measurement","CPI and Inflation Measurement","","macro","8","standard; timed; exam; quiz; unlimited; score; fadingFortune; riskReward","Legendary Mode; Trial by Graph","9","19","6","0","5","6","5","4","4","4","2","0","39","39","legendary: 1; graphSafe: 10",""
"macro","concept","cpi-bias","CPI Bias","","macro","2","fadingFortune; riskReward","Standard Campaign; Timed Trial; Exam Drill; Quiz; Unlimited Practice; Legendary Mode; Score Attack; Trial by Graph","8","16","2","0","3","3","5","5","5","4","2","0","29","29","hard: 4; legendary: 3; graphSafe: 10",""
"macro","concept","cpi-versus-gdp-deflator","CPI versus GDP Deflator","","macro","2","fadingFortune; riskReward","Standard Campaign; Timed Trial; Exam Drill; Quiz; Unlimited Practice; Legendary Mode; Score Attack; Trial by Graph","8","12","4","1","3","3","3","6","3","2","1","0","28","28","hard: 2; legendary: 3; graphSafe: 10",""
"macro","concept","crowding-out-and-capital-formation","Crowding Out and Capital Formation","","macro","4","quiz; trialGraph; fadingFortune; riskReward","Standard Campaign; Timed Trial; Exam Drill; Unlimited Practice; Legendary Mode; Score Attack","10","9","7","0","1","0","0","0","0","0","0","10","27","27","easyBoss: 3; mediumBoss: 3; finalBoss: 3; repair: 1; bridge: 1; legendary: 5; legendaryBoss: 3",""
"macro","concept","debt-measures-burden-and-fiscal-data","Debt Measures, Debt Burden, and Fiscal Data","","macro","2","fadingFortune; riskReward","Standard Campaign; Timed Trial; Exam Drill; Quiz; Unlimited Practice; Legendary Mode; Score Attack; Trial by Graph","11","15","1","1","3","2","2","1","1","3","3","0","31","31","hard: 5; easyBoss: 1; mediumBoss: 1; finalBoss: 2; legendary: 3; legendaryBoss: 2; graphSafe: 10",""
"macro","concept","deficits-debt-and-government-borrowing","Deficits, Debt, and Government Borrowing","","macro","2","fadingFortune; riskReward","Standard Campaign; Timed Trial; Exam Drill; Quiz; Unlimited Practice; Legendary Mode; Score Attack; Trial by Graph","5","11","2","0","2","0","0","2","2","2","2","0","20","20","easy: 1; hard: 4; easyBoss: 3; mediumBoss: 3; finalBoss: 1; legendary: 4; legendaryBoss: 1; graphSafe: 10",""
"macro","concept","demand","Demand","","general","9","standard; timed; exam; quiz; unlimited; score; trialGraph; fadingFortune; riskReward","Legendary Mode","11","19","14","8","1","3","3","3","2","4","6","25","53","53","legendary: 5; legendaryBoss: 1",""
"macro","concept","demand-and-supply-shocks","Demand and Supply Shocks","","macro","10","standard; timed; exam; quiz; unlimited; legendary; score; trialGraph; fadingFortune; riskReward","","7","19","7","6","9","3","3","3","3","7","3","16","48","48","",""
"macro","concept","deposit-creation-and-money-multiplier","Deposit Creation and the Money Multiplier","","macro","2","fadingFortune; riskReward","Standard Campaign; Timed Trial; Exam Drill; Quiz; Unlimited Practice; Legendary Mode; Score Attack; Trial by Graph","3","8","6","4","2","4","1","1","3","5","2","0","23","23","easy: 3; mediumBoss: 2; finalBoss: 2; legendary: 4; graphSafe: 10",""
"macro","concept","disinflation-and-policy","Disinflation and Policy","","macro","8","standard; timed; exam; quiz; unlimited; score; fadingFortune; riskReward","Legendary Mode; Trial by Graph","7","7","9","0","3","3","3","3","3","2","3","0","26","26","legendary: 3; graphSafe: 10",""
"macro","concept","economic-growth-policy","Economic Growth Policy","","macro","8","standard; timed; exam; quiz; unlimited; score; fadingFortune; riskReward","Legendary Mode; Trial by Graph","8","11","6","1","3","3","9","3","3","2","1","0","29","29","legendary: 3; graphSafe: 10",""
"macro","concept","economist-policy-role","Economists and Policy","","general","9","standard; timed; exam; quiz; unlimited; legendary; score; fadingFortune; riskReward","Trial by Graph","8","9","8","2","10","3","3","3","4","6","4","0","37","37","graphSafe: 10",""
"macro","concept","fiscal-multipliers-and-crowding-out","Fiscal Multipliers and Crowding Out","","macro","8","standard; timed; exam; quiz; unlimited; score; fadingFortune; riskReward","Legendary Mode; Trial by Graph","13","15","21","1","0","3","3","3","3","9","5","0","50","50","legendary: 6; graphSafe: 10",""
"macro","concept","fiscal-policy-and-aggregate-demand","Fiscal Policy and Aggregate Demand","","macro","8","standard; timed; exam; quiz; unlimited; score; fadingFortune; riskReward","Legendary Mode; Trial by Graph","6","15","8","1","3","3","3","3","3","6","3","0","33","33","legendary: 3; graphSafe: 10",""
"macro","concept","fisher-effect","Fisher Effect","","macro","8","standard; timed; exam; quiz; unlimited; score; fadingFortune; riskReward","Legendary Mode; Trial by Graph","9","13","9","0","2","3","3","3","3","4","3","0","33","33","legendary: 4; graphSafe: 10",""
"macro","concept","foreign-exchange-market","Foreign-Exchange Market Equilibrium","","macro","4","legendary; trialGraph; fadingFortune; riskReward","Standard Campaign; Timed Trial; Exam Drill; Quiz; Unlimited Practice; Score Attack","6","8","4","2","6","3","3","3","3","1","1","13","26","26","hard: 2",""
"macro","concept","gains-from-trade","Comparative Advantage and Gains from Trade","","general","9","standard; timed; exam; quiz; unlimited; legendary; score; fadingFortune; riskReward","Trial by Graph","6","25","16","4","16","5","5","5","9","8","6","0","67","67","graphSafe: 10",""
"macro","concept","gdp-components","GDP Components","","macro","8","standard; timed; exam; quiz; unlimited; score; fadingFortune; riskReward","Legendary Mode; Trial by Graph","7","15","10","0","4","9","3","3","3","5","3","0","36","36","legendary: 2; graphSafe: 10",""
"macro","concept","gdp-measurement","GDP Measurement","","macro","8","standard; timed; exam; quiz; unlimited; score; fadingFortune; riskReward","Legendary Mode; Trial by Graph","11","18","7","1","5","13","3","3","3","6","3","0","42","42","legendary: 1; graphSafe: 10",""
"macro","concept","import-quotas-quota-rents","Import Quotas, Quota Rents & Tariff–Quota Comparison","international-trade-and-trade-policy","general","6","timed; quiz; unlimited; trialGraph; fadingFortune; riskReward","Standard Campaign; Exam Drill; Legendary Mode; Score Attack","10","13","9","5","6","0","0","8","0","6","6","15","43","43","easyBoss: 3; mediumBoss: 3; legendaryBoss: 3",""
"macro","concept","incentives","Incentives","","general","9","standard; timed; exam; quiz; unlimited; legendary; score; fadingFortune; riskReward","Trial by Graph","10","14","20","3","14","4","4","4","9","7","5","0","61","61","graphSafe: 10",""
"macro","concept","indexing-and-real-values","Indexing and Real Values","","macro","3","quiz; fadingFortune; riskReward","Standard Campaign; Timed Trial; Exam Drill; Unlimited Practice; Legendary Mode; Score Attack; Trial by Graph","8","18","5","0","3","3","3","3","3","2","1","0","34","34","hard: 1; legendary: 3; graphSafe: 10",""
"macro","concept","inflation-costs","Costs of Inflation","","macro","8","standard; timed; exam; quiz; unlimited; score; fadingFortune; riskReward","Legendary Mode; Trial by Graph","13","11","9","0","1","3","3","3","4","7","4","0","34","34","legendary: 5; graphSafe: 10",""
"macro","concept","inflation-tax-and-deflation","Inflation Tax and Deflation","","macro","8","standard; timed; exam; quiz; unlimited; score; fadingFortune; riskReward","Legendary Mode; Trial by Graph","10","12","7","0","2","3","3","3","3","3","2","0","31","31","legendary: 4; graphSafe: 10",""
"macro","concept","international-transactions-and-identities","International Transactions and Open-Economy Identities","","macro","9","standard; timed; exam; quiz; unlimited; legendary; score; fadingFortune; riskReward","Trial by Graph","6","7","6","1","6","3","3","3","3","1","1","0","26","26","graphSafe: 10",""
"macro","concept","labor-market-institutions","Labor-Market Institutions","","macro","8","standard; timed; exam; quiz; unlimited; score; fadingFortune; riskReward","Legendary Mode; Trial by Graph","11","8","6","0","4","3","3","14","3","3","3","0","29","29","legendary: 2; graphSafe: 10",""
"macro","concept","limits-of-gdp","Limits of GDP","","macro","3","quiz; fadingFortune; riskReward","Standard Campaign; Timed Trial; Exam Drill; Unlimited Practice; Legendary Mode; Score Attack; Trial by Graph","6","13","5","0","3","6","3","3","3","2","1","0","27","27","hard: 1; legendary: 3; graphSafe: 10",""
"macro","concept","liquidity-preference-and-money-market","Liquidity Preference and the Money Market","","macro","9","standard; timed; exam; quiz; unlimited; score; trialGraph; fadingFortune; riskReward","Legendary Mode","12","33","23","5","5","3","3","3","5","7","5","27","78","78","legendary: 1",""
"macro","concept","living-standards-and-growth","Living Standards and Growth","","macro","3","quiz; fadingFortune; riskReward","Standard Campaign; Timed Trial; Exam Drill; Unlimited Practice; Legendary Mode; Score Attack; Trial by Graph","10","15","5","1","4","3","7","4","4","4","2","0","35","35","hard: 1; legendary: 2; graphSafe: 10",""
"macro","concept","loanable-funds-equilibrium","Loanable-Funds Equilibrium","","macro","3","quiz; fadingFortune; riskReward","Standard Campaign; Timed Trial; Exam Drill; Unlimited Practice; Legendary Mode; Score Attack; Trial by Graph","7","12","5","1","0","0","0","0","3","2","2","6","25","25","hard: 1; easyBoss: 3; mediumBoss: 3; finalBoss: 3; legendary: 6; graphSafe: 4",""
"macro","concept","loanable-funds-shifts","Loanable-Funds Shifts","","macro","6","timed; quiz; unlimited; trialGraph; fadingFortune; riskReward","Standard Campaign; Exam Drill; Legendary Mode; Score Attack","12","17","15","3","3","0","0","0","0","1","1","35","50","50","easyBoss: 3; mediumBoss: 3; finalBoss: 3; legendary: 3; legendaryBoss: 3",""
"macro","concept","long-run-aggregate-supply-and-potential-output","Long-Run Aggregate Supply and Potential Output","","macro","0","","Standard Campaign; Timed Trial; Exam Drill; Quiz; Unlimited Practice; Legendary Mode; Score Attack; Trial by Graph; Fading Fortune; Risk & Reward","2","1","3","1","2","1","1","1","1","1","1","0","9","9","easy: 4; medium: 5; hard: 3; easyBoss: 2; mediumBoss: 2; finalBoss: 2; legendary: 4; legendaryBoss: 2; graphSafe: 10; fadingFortuneEligible: 1; riskRewardEligible: 1",""
"macro","concept","long-run-macroeconomic-self-adjustment","Long-Run Macroeconomic Self-Adjustment","","macro","2","fadingFortune; riskReward","Standard Campaign; Timed Trial; Exam Drill; Quiz; Unlimited Practice; Legendary Mode; Score Attack; Trial by Graph","2","4","9","4","3","1","3","2","2","2","1","1","22","22","easy: 4; medium: 2; easyBoss: 2; finalBoss: 1; legendary: 3; legendaryBoss: 1; graphSafe: 9",""
"macro","concept","long-run-phillips-curve","Long-Run Phillips Curve","","macro","8","standard; timed; exam; quiz; unlimited; score; fadingFortune; riskReward","Legendary Mode; Trial by Graph","8","13","7","2","2","3","3","3","3","2","3","6","32","32","legendary: 4; graphSafe: 4",""
"macro","concept","marginal-analysis","Marginal Analysis","","general","9","standard; timed; exam; quiz; unlimited; legendary; score; fadingFortune; riskReward","Trial by Graph","11","17","21","4","16","5","5","5","9","8","6","0","69","69","graphSafe: 10",""
"macro","concept","market-equilibrium","Market Equilibrium","","general","10","standard; timed; exam; quiz; unlimited; legendary; score; trialGraph; fadingFortune; riskReward","","8","20","22","13","12","3","6","3","3","3","4","38","75","75","",""
"macro","concept","micro-versus-macro","Microeconomics versus Macroeconomics","","general","9","standard; timed; exam; quiz; unlimited; legendary; score; fadingFortune; riskReward","Trial by Graph","10","10","8","1","8","3","3","3","4","6","4","0","37","37","graphSafe: 10",""
"macro","concept","models-and-assumptions","Models and Assumptions","","general","9","standard; timed; exam; quiz; unlimited; legendary; score; fadingFortune; riskReward","Trial by Graph","9","8","9","2","12","3","3","3","6","6","4","0","40","40","graphSafe: 10",""
"macro","concept","monetary-control-limits","Limits of Monetary Control","","macro","8","standard; timed; exam; quiz; unlimited; score; fadingFortune; riskReward","Legendary Mode; Trial by Graph","8","13","18","0","1","4","3","3","4","4","3","0","40","40","legendary: 5; graphSafe: 10",""
"macro","concept","monetary-neutrality","Monetary Neutrality","","macro","8","standard; timed; exam; quiz; unlimited; score; fadingFortune; riskReward","Legendary Mode; Trial by Graph","15","14","8","1","0","3","3","3","3","7","5","0","38","38","legendary: 6; graphSafe: 10",""
"macro","concept","monetary-policy-tools","Monetary-Policy Tools","","macro","8","standard; timed; exam; quiz; unlimited; score; fadingFortune; riskReward","Legendary Mode; Trial by Graph","9","11","16","0","1","3","3","3","4","7","3","0","37","37","legendary: 5; graphSafe: 10",""
"macro","concept","monetary-policy-transmission","Monetary-Policy Transmission","","macro","9","standard; timed; exam; quiz; unlimited; score; trialGraph; fadingFortune; riskReward","Legendary Mode","13","21","23","4","2","3","3","3","4","8","3","12","63","63","legendary: 4",""
"macro","concept","money-functions-and-measures","Money Functions and Measures","","macro","3","quiz; fadingFortune; riskReward","Standard Campaign; Timed Trial; Exam Drill; Unlimited Practice; Legendary Mode; Score Attack; Trial by Graph","18","16","5","0","0","4","3","3","3","11","4","0","39","39","hard: 1; legendary: 6; graphSafe: 10",""
"macro","concept","natural-rate-of-unemployment","Natural Rate of Unemployment","","macro","8","standard; timed; exam; quiz; unlimited; score; fadingFortune; riskReward","Legendary Mode; Trial by Graph","7","9","8","1","1","3","3","5","3","3","1","0","26","26","legendary: 5; graphSafe: 10",""
"macro","concept","nominal-exchange-rates","Nominal Exchange Rates and Currency Values","","macro","8","standard; timed; exam; quiz; unlimited; score; fadingFortune; riskReward","Legendary Mode; Trial by Graph","6","8","6","1","5","3","3","3","3","1","1","0","26","26","legendary: 1; graphSafe: 10",""
"macro","concept","open-economy-policy-transmission","Open-Economy Policy and Macroeconomic Transmission","","macro","8","standard; timed; exam; quiz; unlimited; score; fadingFortune; riskReward","Legendary Mode; Trial by Graph","6","6","6","3","5","3","3","3","3","1","1","1","26","26","legendary: 1; graphSafe: 9",""
"macro","concept","opportunity-cost","Opportunity Cost","","general","9","standard; timed; exam; quiz; unlimited; legendary; score; fadingFortune; riskReward","Trial by Graph","10","18","12","4","19","5","5","3","8","8","6","0","63","63","graphSafe: 10",""
"macro","concept","phillips-curve-expectations","Phillips-Curve Expectations","","macro","8","standard; timed; exam; quiz; unlimited; score; fadingFortune; riskReward","Legendary Mode; Trial by Graph","7","19","8","0","5","3","3","3","3","3","3","6","39","39","legendary: 1; graphSafe: 4",""
"macro","concept","positive-versus-normative-analysis","Positive versus Normative Analysis","","general","9","standard; timed; exam; quiz; unlimited; legendary; score; fadingFortune; riskReward","Trial by Graph","8","10","8","2","10","3","3","3","3","6","4","0","38","38","graphSafe: 10",""
"macro","concept","production-possibilities-frontier","Production Possibilities Frontier","","general","10","standard; timed; exam; quiz; unlimited; legendary; score; trialGraph; fadingFortune; riskReward","","11","22","17","1","10","3","3","3","5","7","8","29","61","61","",""
"macro","concept","productivity-measurement","Productivity Measurement","","macro","8","standard; timed; exam; quiz; unlimited; score; fadingFortune; riskReward","Legendary Mode; Trial by Graph","8","16","7","0","4","3","6","3","3","2","1","0","35","35","legendary: 2; graphSafe: 10",""
"macro","concept","quantity-theory-of-money","Quantity Theory of Money","","macro","8","standard; timed; exam; quiz; unlimited; score; fadingFortune; riskReward","Legendary Mode; Trial by Graph","12","29","9","3","2","3","3","3","4","8","5","0","55","55","legendary: 4; graphSafe: 10",""
"macro","concept","real-exchange-rates-and-purchasing-power","Real Exchange Rates and Purchasing Power","","macro","2","fadingFortune; riskReward","Standard Campaign; Timed Trial; Exam Drill; Quiz; Unlimited Practice; Legendary Mode; Score Attack; Trial by Graph","6","10","4","1","5","3","3","3","3","1","1","0","26","26","hard: 2; legendary: 1; graphSafe: 10",""
"macro","concept","real-versus-nominal-gdp","Real versus Nominal GDP","","macro","9","standard; timed; exam; quiz; unlimited; legendary; score; fadingFortune; riskReward","Trial by Graph","6","13","6","1","6","3","3","3","3","4","2","0","32","32","graphSafe: 10",""
"macro","concept","real-versus-nominal-interest-rates","Real versus Nominal Interest Rates","","macro","8","standard; timed; exam; quiz; unlimited; score; fadingFortune; riskReward","Legendary Mode; Trial by Graph","8","14","7","0","2","3","5","6","6","2","1","0","31","31","legendary: 4; graphSafe: 10",""
"macro","concept","sacrifice-ratio","Sacrifice Ratio","","macro","8","standard; timed; exam; quiz; unlimited; score; fadingFortune; riskReward","Legendary Mode; Trial by Graph","7","13","9","0","4","3","3","3","3","3","3","0","33","33","legendary: 2; graphSafe: 10",""
"macro","concept","saving-and-investment-identities","Saving, Investment, and National-Saving Identities","","macro","3","quiz; fadingFortune; riskReward","Standard Campaign; Timed Trial; Exam Drill; Unlimited Practice; Legendary Mode; Score Attack; Trial by Graph","5","9","5","3","0","6","6","6","3","3","3","0","22","22","easy: 1; hard: 1; legendary: 6; graphSafe: 10",""
"macro","concept","scarcity-and-tradeoffs","Scarcity and Tradeoffs","","general","9","standard; timed; exam; quiz; unlimited; legendary; score; fadingFortune; riskReward","Trial by Graph","10","21","13","2","15","4","4","4","9","7","4","0","61","61","graphSafe: 10",""
"macro","concept","short-run-aggregate-supply","Short-Run Aggregate Supply","","macro","6","timed; quiz; unlimited; trialGraph; fadingFortune; riskReward","Standard Campaign; Exam Drill; Legendary Mode; Score Attack","6","13","6","3","4","2","2","2","2","5","3","10","32","32","easyBoss: 1; mediumBoss: 1; finalBoss: 1; legendary: 2; legendaryBoss: 1",""
"macro","concept","short-run-phillips-curve","Short-Run Phillips Curve","","macro","9","standard; timed; exam; quiz; unlimited; score; trialGraph; fadingFortune; riskReward","Legendary Mode","11","17","11","0","2","3","3","3","3","5","4","11","41","41","legendary: 4",""
"macro","concept","sources-of-productivity","Sources of Productivity","","macro","2","fadingFortune; riskReward","Standard Campaign; Timed Trial; Exam Drill; Quiz; Unlimited Practice; Legendary Mode; Score Attack; Trial by Graph","16","14","3","0","3","3","17","5","4","6","6","0","36","36","hard: 3; legendary: 3; graphSafe: 10",""
"macro","concept","stabilization-policy","Stabilization Policy","","macro","8","standard; timed; exam; quiz; unlimited; score; fadingFortune; riskReward","Legendary Mode; Trial by Graph","10","20","19","0","5","3","3","3","6","8","5","0","54","54","legendary: 1; graphSafe: 10",""
"macro","concept","statutory-versus-economic-tax-incidence","Statutory versus Economic Tax Incidence","","general","2","fadingFortune; riskReward","Standard Campaign; Timed Trial; Exam Drill; Quiz; Unlimited Practice; Legendary Mode; Score Attack; Trial by Graph","2","6","5","2","2","0","0","3","3","0","2","7","17","17","easy: 4; hard: 1; easyBoss: 3; mediumBoss: 3; repair: 1; legendary: 4; graphSafe: 3",""
"macro","concept","supply","Supply","","general","10","standard; timed; exam; quiz; unlimited; legendary; score; trialGraph; fadingFortune; riskReward","","9","17","11","5","7","3","3","3","3","4","4","23","49","49","",""
"macro","concept","tariffs-revenue-deadweight-loss","Tariffs, Revenue & Deadweight Loss","international-trade-and-trade-policy","general","7","timed; quiz; unlimited; legendary; trialGraph; fadingFortune; riskReward","Standard Campaign; Exam Drill; Score Attack","10","12","16","10","24","0","1","7","12","6","6","15","72","72","easyBoss: 3; mediumBoss: 2",""
"macro","concept","tax-incidence","Tax Incidence","","general","3","quiz; fadingFortune; riskReward","Standard Campaign; Timed Trial; Exam Drill; Unlimited Practice; Legendary Mode; Score Attack; Trial by Graph","5","11","15","7","5","0","0","3","3","2","2","6","43","43","easy: 1; easyBoss: 3; mediumBoss: 3; legendary: 1; graphSafe: 4",""
"macro","concept","trade-policy-efficiency-distribution","Trade-Policy Arguments, Efficiency & Distribution","international-trade-and-trade-policy","general","3","quiz; fadingFortune; riskReward","Standard Campaign; Timed Trial; Exam Drill; Unlimited Practice; Legendary Mode; Score Attack; Trial by Graph","5","6","9","7","26","0","2","4","0","3","3","0","53","53","easy: 1; easyBoss: 3; mediumBoss: 1; legendaryBoss: 3; graphSafe: 10",""
"macro","concept","trade-world-price-status","World Prices & Importer/Exporter Status","international-trade-and-trade-policy","general","2","fadingFortune; riskReward","Standard Campaign; Timed Trial; Exam Drill; Quiz; Unlimited Practice; Legendary Mode; Score Attack; Trial by Graph","5","12","4","4","0","4","0","0","0","3","5","4","25","25","easy: 1; hard: 2; mediumBoss: 3; finalBoss: 3; legendary: 6; legendaryBoss: 3; graphSafe: 6",""
"macro","concept","unemployment-measurement","Unemployment Measurement","","macro","8","standard; timed; exam; quiz; unlimited; score; fadingFortune; riskReward","Legendary Mode; Trial by Graph","12","15","16","1","5","3","6","14","6","5","5","0","49","49","legendary: 1; graphSafe: 10",""
"macro","concept","unemployment-types","Types of Unemployment","","macro","2","fadingFortune; riskReward","Standard Campaign; Timed Trial; Exam Drill; Quiz; Unlimited Practice; Legendary Mode; Score Attack; Trial by Graph","9","14","3","0","3","3","4","15","4","3","4","0","29","29","hard: 3; legendary: 3; graphSafe: 10",""
"macro","family","macro-foundations","Macro foundations and economic reasoning","","","10","standard; timed; exam; quiz; unlimited; legendary; score; trialGraph; fadingFortune; riskReward","","93","154","132","25","130","38","38","36","66","69","51","29","534","534","",""
"macro","family","markets-policy","Markets and government intervention","","","10","standard; timed; exam; quiz; unlimited; legendary; score; trialGraph; fadingFortune; riskReward","","54","113","102","45","37","12","15","27","19","23","29","123","351","351","",""
"macro","family","international-trade","International trade and policy","","","10","standard; timed; exam; quiz; unlimited; legendary; score; trialGraph; fadingFortune; riskReward","","30","43","38","26","56","4","3","19","12","18","20","34","193","193","",""
"macro","family","gdp-national-income","GDP and national income","","","9","standard; timed; exam; quiz; unlimited; legendary; score; fadingFortune; riskReward","Trial by Graph","30","59","28","2","18","31","12","12","12","17","9","0","137","137","graphSafe: 10",""
"macro","family","inflation-real-values","Inflation measurement and real values","","","9","standard; timed; exam; quiz; unlimited; legendary; score; fadingFortune; riskReward","Trial by Graph","54","90","33","1","17","21","24","27","25","21","11","0","195","195","graphSafe: 10",""
"macro","family","growth-productivity","Economic growth and productivity","","","9","standard; timed; exam; quiz; unlimited; legendary; score; fadingFortune; riskReward","Trial by Graph","42","56","21","2","14","12","39","15","14","14","10","0","135","135","graphSafe: 10",""
"macro","family","unemployment-labor","Unemployment and labor markets","","","9","standard; timed; exam; quiz; unlimited; legendary; score; fadingFortune; riskReward","Trial by Graph","39","46","33","2","13","12","16","48","16","14","13","0","133","133","graphSafe: 10",""
"macro","family","saving-fiscal-foundations","Saving, investment, budgets, and debt","","","10","standard; timed; exam; quiz; unlimited; legendary; score; trialGraph; fadingFortune; riskReward","","58","86","36","10","10","10","10","10","10","15","14","51","200","200","",""
"macro","family","money-banking-fed","Money, banking, and the Federal Reserve","","","8","standard; timed; exam; quiz; unlimited; score; fadingFortune; riskReward","Legendary Mode; Trial by Graph","57","66","69","7","4","20","15","15","19","40","19","0","203","203","legendary: 2; graphSafe: 10",""
"macro","family","money-growth-inflation","Money growth, inflation, and neutrality","","","9","standard; timed; exam; quiz; unlimited; legendary; score; fadingFortune; riskReward","Trial by Graph","46","68","33","4","6","12","12","12","13","22","15","0","157","157","graphSafe: 10",""
"macro","family","ad-as-equilibrium","Aggregate demand, aggregate supply, and equilibrium","","","10","standard; timed; exam; quiz; unlimited; legendary; score; trialGraph; fadingFortune; riskReward","","34","62","36","18","22","12","12","12","12","25","11","46","172","172","",""
"macro","family","stabilization-policy","Stabilization and policy transmission","","","10","standard; timed; exam; quiz; unlimited; legendary; score; trialGraph; fadingFortune; riskReward","","54","104","94","11","15","15","15","15","21","38","21","39","278","278","",""
"macro","family","open-economy-macroeconomics","Open-Economy Macroeconomics","","","10","standard; timed; exam; quiz; unlimited; legendary; score; trialGraph; fadingFortune; riskReward","","36","48","32","9","31","18","18","18","18","6","6","14","156","156","",""
"macro","family","phillips-disinflation","Phillips curves and disinflation","","","10","standard; timed; exam; quiz; unlimited; legendary; score; trialGraph; fadingFortune; riskReward","","40","69","44","2","16","15","15","15","15","15","16","23","171","171","",""
"macro","course","macro","macro","","","10","standard; timed; exam; quiz; unlimited; legendary; score; trialGraph; fadingFortune; riskReward","","667","1064","731","164","389","232","244","281","272","337","245","359","3015","3015","",""
